Institute,Academic Program Name,Seat Type,Gender,Opening Rank,Closing Rank
Indian Institute of Technology Bhubaneswar,"Civil Engineering (4 Years, Bachelor of Technology)",OBC-NCL,Gender-Neutral,4115,5231
Indian Institute of Technology Bhubaneswar,"Civil Engineering (4 Years, Bachelor of Technology)",OBC-NCL,Female-only (including Supernumerary),7450,8720
Indian Institute of Technology Bhubaneswar,"Computer Science and Engineering (4 Years, Bachelor of Technology)",OBC-NCL,Gender-Neutral,774,1237
Indian Institute of Technology Bhubaneswar,"Computer Science and Engineering (4 Years, Bachelor of Technology)",OBC-NCL,Female-only (including Supernumerary),2107,3291
Indian Institute of Technology Bhubaneswar,"Electrical Engineering (4 Years, Bachelor of Technology)",OBC-NCL,Gender-Neutral,2167,2876
Indian Institute of Technology Bhubaneswar,"Electrical Engineering (4 Years, Bachelor of Technology)",OBC-NCL,Female-only (including Supernumerary),5899,6611
Indian Institute of Technology Bhubaneswar,"Electronics and Communication Engineering (4 Years, Bachelor of Technology)",OBC-NCL,Gender-Neutral,1423,2026
Indian Institute of Technology Bhubaneswar,"Electronics and Communication Engineering (4 Years, Bachelor of Technology)",OBC-NCL,Female-only (including Supernumerary),3327,3729
Indian Institute of Technology Bhubaneswar,"Engineering Physics (4 Years, Bachelor of Technology)",OBC-NCL,Gender-Neutral,3136,4378
Indian Institute of Technology Bhubaneswar,"Engineering Physics (4 Years, Bachelor of Technology)",OBC-NCL,Female-only (including Supernumerary),9267,9267
Indian Institute of Technology Bhubaneswar,"Mechanical Engineering (4 Years, Bachelor of Technology)",OBC-NCL,Gender-Neutral,3078,3885
Indian Institute of Technology Bhubaneswar,"Mechanical Engineering (4 Years, Bachelor of Technology)",OBC-NCL,Female-only (including Supernumerary),7053,7801
Indian Institute of Technology Bhubaneswar,"Metallurgical and Materials Engineering (4 Years, Bachelor of Technology)",OBC-NCL,Gender-Neutral,4730,5608
Indian Institute of Technology Bhubaneswar,"Metallurgical and Materials Engineering (4 Years, Bachelor of Technology)",OBC-NCL,Female-only (including Supernumerary),9228,9228
Indian Institute of Technology Bombay,"Aerospace Engineering (4 Years, Bachelor of Technology)",OBC-NCL,Gender-Neutral,447,1577
Indian Institute of Technology Bombay,"Aerospace Engineering (4 Years, Bachelor of Technology)",OBC-NCL,Female-only (including Supernumerary),1935,3516
Indian Institute of Technology Bombay,"BS in Mathematics (4 Years, Bachelor of Science)",OBC-NCL,Gender-Neutral,1106,1291
Indian Institute of Technology Bombay,"BS in Mathematics (4 Years, Bachelor of Science)",OBC-NCL,Female-only (including Supernumerary),3479,3479
Indian Institute of Technology Bombay,"Chemical Engineering (4 Years, Bachelor of Technology)",OBC-NCL,Gender-Neutral,953,1338
Indian Institute of Technology Bombay,"Chemical Engineering (4 Years, Bachelor of Technology)",OBC-NCL,Female-only (including Supernumerary),2481,3197
Indian Institute of Technology Bombay,"Chemistry (4 Years, Bachelor of Science)",OBC-NCL,Gender-Neutral,2780,3506
Indian Institute of Technology Bombay,"Chemistry (4 Years, Bachelor of Science)",OBC-NCL,Female-only (including Supernumerary),7579,7754
Indian Institute of Technology Bombay,"Civil Engineering (4 Years, Bachelor of Technology)",OBC-NCL,Gender-Neutral,1076,1979
Indian Institute of Technology Bombay,"Civil Engineering (4 Years, Bachelor of Technology)",OBC-NCL,Female-only (including Supernumerary),3419,4709
Indian Institute of Technology Bombay,"Computer Science and Engineering (4 Years, Bachelor of Technology)",OBC-NCL,Gender-Neutral,5,50
Indian Institute of Technology Bombay,"Computer Science and Engineering (4 Years, Bachelor of Technology)",OBC-NCL,Female-only (including Supernumerary),66,274
Indian Institute of Technology Bombay,"Economics (4 Years, Bachelor of Science)",OBC-NCL,Gender-Neutral,618,1255
Indian Institute of Technology Bombay,"Economics (4 Years, Bachelor of Science)",OBC-NCL,Female-only (including Supernumerary),1491,2705
Indian Institute of Technology Bombay,"Electrical Engineering (4 Years, Bachelor of Technology)",OBC-NCL,Gender-Neutral,131,325
Indian Institute of Technology Bombay,"Electrical Engineering (4 Years, Bachelor of Technology)",OBC-NCL,Female-only (including Supernumerary),608,830
Indian Institute of Technology Bombay,"Electrical Engineering (5 Years, Bachelor and Master of Technology (Dual Degree))",OBC-NCL,Gender-Neutral,379,571
Indian Institute of Technology Bombay,"Electrical Engineering (5 Years, Bachelor and Master of Technology (Dual Degree))",OBC-NCL,Female-only (including Supernumerary),1006,1877
Indian Institute of Technology Bombay,"Energy Engineering (4 Years, Bachelor of Technology)",OBC-NCL,Gender-Neutral,1300,1650
Indian Institute of Technology Bombay,"Energy Engineering (4 Years, Bachelor of Technology)",OBC-NCL,Female-only (including Supernumerary),3388,3824
Indian Institute of Technology Bombay,"Engineering Physics (4 Years, Bachelor of Technology)",OBC-NCL,Gender-Neutral,970,1578
Indian Institute of Technology Bombay,"Engineering Physics (4 Years, Bachelor of Technology)",OBC-NCL,Female-only (including Supernumerary),2329,2854
Indian Institute of Technology Bombay,"Environmental Science and Engineering (4 Years, Bachelor of Technology)",OBC-NCL,Gender-Neutral,1601,2716
Indian Institute of Technology Bombay,"Environmental Science and Engineering (4 Years, Bachelor of Technology)",OBC-NCL,Female-only (including Supernumerary),5701,5973
Indian Institute of Technology Bombay,"Industrial Engineering and Operations Research (4 Years, Bachelor of Technology)",OBC-NCL,Gender-Neutral,401,1196
Indian Institute of Technology Bombay,"Industrial Engineering and Operations Research (4 Years, Bachelor of Technology)",OBC-NCL,Female-only (including Supernumerary),2881,3817
Indian Institute of Technology Bombay,"Mechanical Engineering (4 Years, Bachelor of Technology)",OBC-NCL,Gender-Neutral,462,958
Indian Institute of Technology Bombay,"Mechanical Engineering (4 Years, Bachelor of Technology)",OBC-NCL,Female-only (including Supernumerary),1265,2722
Indian Institute of Technology Bombay,"Metallurgical Engineering and Materials Science (4 Years, Bachelor of Technology)",OBC-NCL,Gender-Neutral,1439,2207
Indian Institute of Technology Bombay,"Metallurgical Engineering and Materials Science (4 Years, Bachelor of Technology)",OBC-NCL,Female-only (including Supernumerary),3446,5594
Indian Institute of Technology Mandi,"B.Tech in General Engineering (4 Years, Bachelor of Technology)",OBC-NCL,Gender-Neutral,3195,4693
Indian Institute of Technology Mandi,"B.Tech in General Engineering (4 Years, Bachelor of Technology)",OBC-NCL,Female-only (including Supernumerary),7596,8700
Indian Institute of Technology Mandi,"B.Tech in Materials Science and Engineering (4 Years, Bachelor of Technology)",OBC-NCL,Gender-Neutral,5151,5543
Indian Institute of Technology Mandi,"B.Tech in Materials Science and Engineering (4 Years, Bachelor of Technology)",OBC-NCL,Female-only (including Supernumerary),8998,8998
Indian Institute of Technology Mandi,"B.Tech in Mathematics and Computing (4 Years, Bachelor of Technology)",OBC-NCL,Gender-Neutral,1441,1767
Indian Institute of Technology Mandi,"B.Tech in Mathematics and Computing (4 Years, Bachelor of Technology)",OBC-NCL,Female-only (including Supernumerary),3788,4641
Indian Institute of Technology Mandi,"B.Tech in Microelectronics & VLSI (4 Years, Bachelor of Technology)",OBC-NCL,Gender-Neutral,2377,2943
Indian Institute of Technology Mandi,"B.Tech in Microelectronics & VLSI (4 Years, Bachelor of Technology)",OBC-NCL,Female-only (including Supernumerary),6343,6353
Indian Institute of Technology Mandi,"Bio Engineering (4 Years, Bachelor of Technology)",OBC-NCL,Gender-Neutral,5184,5698
Indian Institute of Technology Mandi,"BS in Chemical Sciences (4 Years, Bachelor of Science)",OBC-NCL,Gender-Neutral,5803,6034
Indian Institute of Technology Mandi,"Civil Engineering (4 Years, Bachelor of Technology)",OBC-NCL,Gender-Neutral,4238,4726
Indian Institute of Technology Mandi,"Civil Engineering (4 Years, Bachelor of Technology)",OBC-NCL,Female-only (including Supernumerary),8450,9050
Indian Institute of Technology Mandi,"Computer Science and Engineering (4 Years, Bachelor of Technology)",OBC-NCL,Gender-Neutral,765,1274
Indian Institute of Technology Mandi,"Computer Science and Engineering (4 Years, Bachelor of Technology)",OBC-NCL,Female-only (including Supernumerary),2698,3578
Indian Institute of Technology Mandi,"Data Science and Engineering (4 Years, Bachelor of Technology)",OBC-NCL,Gender-Neutral,1284,1679
Indian Institute of Technology Mandi,"Data Science and Engineering (4 Years, Bachelor of Technology)",OBC-NCL,Female-only (including Supernumerary),3683,4638
Indian Institute of Technology Mandi,"Electrical Engineering (4 Years, Bachelor of Technology)",OBC-NCL,Gender-Neutral,2320,2932
Indian Institute of Technology Mandi,"Electrical Engineering (4 Years, Bachelor of Technology)",OBC-NCL,Female-only (including Supernumerary),6754,7019
Indian Institute of Technology Mandi,"Engineering Physics (4 Years, Bachelor of Technology)",OBC-NCL,Gender-Neutral,4320,5006
Indian Institute of Technology Mandi,"Engineering Physics (4 Years, Bachelor of Technology)",OBC-NCL,Female-only (including Supernumerary),8869,8869
Indian Institute of Technology Mandi,"Mechanical Engineering (4 Years, Bachelor of Technology)",OBC-NCL,Gender-Neutral,3063,4112
Indian Institute of Technology Mandi,"Mechanical Engineering (4 Years, Bachelor of Technology)",OBC-NCL,Female-only (including Supernumerary),8440,8967
Indian Institute of Technology Delhi,"Biotechnology and Biochemical Engineering (4 Years, Bachelor of Technology)",OBC-NCL,Gender-Neutral,1986,2749
Indian Institute of Technology Delhi,"Biotechnology and Biochemical Engineering (4 Years, Bachelor of Technology)",OBC-NCL,Female-only (including Supernumerary),5747,7010
Indian Institute of Technology Delhi,"Chemical Engineering (4 Years, Bachelor of Technology)",OBC-NCL,Gender-Neutral,960,1303
Indian Institute of Technology Delhi,"Chemical Engineering (4 Years, Bachelor of Technology)",OBC-NCL,Female-only (including Supernumerary),2912,3412
Indian Institute of Technology Delhi,"Chemical Engineering (5 Years, Bachelor and Master of Technology (Dual Degree))",OBC-NCL,Gender-Neutral,1424,2054
Indian Institute of Technology Delhi,"Chemical Engineering (5 Years, Bachelor and Master of Technology (Dual Degree))",OBC-NCL,Female-only (including Supernumerary),3654,4525
Indian Institute of Technology Delhi,"Civil Engineering (4 Years, Bachelor of Technology)",OBC-NCL,Gender-Neutral,1056,2063
Indian Institute of Technology Delhi,"Civil Engineering (4 Years, Bachelor of Technology)",OBC-NCL,Female-only (including Supernumerary),4144,5280
Indian Institute of Technology Delhi,"Computer Science and Engineering (4 Years, Bachelor of Technology)",OBC-NCL,Gender-Neutral,39,89
Indian Institute of Technology Delhi,"Computer Science and Engineering (4 Years, Bachelor of Technology)",OBC-NCL,Female-only (including Supernumerary),319,394
Indian Institute of Technology Delhi,"Computer Science and Engineering (5 Years, Bachelor and Master of Technology (Dual Degree))",OBC-NCL,Gender-Neutral,120,169
Indian Institute of Technology Delhi,"Computer Science and Engineering (5 Years, Bachelor and Master of Technology (Dual Degree))",OBC-NCL,Female-only (including Supernumerary),417,587
Indian Institute of Technology Delhi,"Electrical Engineering (4 Years, Bachelor of Technology)",OBC-NCL,Gender-Neutral,237,422
Indian Institute of Technology Delhi,"Electrical Engineering (4 Years, Bachelor of Technology)",OBC-NCL,Female-only (including Supernumerary),966,1549
Indian Institute of Technology Delhi,"Electrical Engineering (Power and Automation) (4 Years, Bachelor of Technology)",OBC-NCL,Gender-Neutral,428,510
Indian Institute of Technology Delhi,"Electrical Engineering (Power and Automation) (4 Years, Bachelor of Technology)",OBC-NCL,Female-only (including Supernumerary),1595,1837
Indian Institute of Technology Delhi,"Energy Engineering (4 Years, Bachelor of Technology)",OBC-NCL,Gender-Neutral,1362,1957
Indian Institute of Technology Delhi,"Energy Engineering (4 Years, Bachelor of Technology)",OBC-NCL,Female-only (including Supernumerary),4393,5132
Indian Institute of Technology Delhi,"Engineering and Computational Mechanics (4 Years, Bachelor of Technology)",OBC-NCL,Gender-Neutral,190,640
Indian Institute of Technology Delhi,"Engineering and Computational Mechanics (4 Years, Bachelor of Technology)",OBC-NCL,Female-only (including Supernumerary),1854,2151
Indian Institute of Technology Delhi,"Engineering Physics (4 Years, Bachelor of Technology)",OBC-NCL,Gender-Neutral,1411,1917
Indian Institute of Technology Delhi,"Engineering Physics (4 Years, Bachelor of Technology)",OBC-NCL,Female-only (including Supernumerary),3523,4329
Indian Institute of Technology Delhi,"Materials Engineering (4 Years, Bachelor of Technology)",OBC-NCL,Gender-Neutral,2190,2504
Indian Institute of Technology Delhi,"Materials Engineering (4 Years, Bachelor of Technology)",OBC-NCL,Female-only (including Supernumerary),5821,6222
Indian Institute of Technology Delhi,"Mathematics and Computing (4 Years, Bachelor of Technology)",OBC-NCL,Gender-Neutral,93,218
Indian Institute of Technology Delhi,"Mathematics and Computing (4 Years, Bachelor of Technology)",OBC-NCL,Female-only (including Supernumerary),589,757
Indian Institute of Technology Delhi,"Mathematics and Computing (5 Years, Bachelor and Master of Technology (Dual Degree))",OBC-NCL,Gender-Neutral,250,298
Indian Institute of Technology Delhi,"Mathematics and Computing (5 Years, Bachelor and Master of Technology (Dual Degree))",OBC-NCL,Female-only (including Supernumerary),779,1071
Indian Institute of Technology Delhi,"Mechanical Engineering (4 Years, Bachelor of Technology)",OBC-NCL,Gender-Neutral,597,1010
Indian Institute of Technology Delhi,"Mechanical Engineering (4 Years, Bachelor of Technology)",OBC-NCL,Female-only (including Supernumerary),2267,3475
Indian Institute of Technology Delhi,"Production and Industrial Engineering (4 Years, Bachelor of Technology)",OBC-NCL,Gender-Neutral,879,2191
Indian Institute of Technology Delhi,"Production and Industrial Engineering (4 Years, Bachelor of Technology)",OBC-NCL,Female-only (including Supernumerary),5326,6191
Indian Institute of Technology Delhi,"Textile Technology (4 Years, Bachelor of Technology)",OBC-NCL,Gender-Neutral,2665,3185
Indian Institute of Technology Delhi,"Textile Technology (4 Years, Bachelor of Technology)",OBC-NCL,Female-only (including Supernumerary),5730,7737
Indian Institute of Technology Indore,"Chemical Engineering (4 Years, Bachelor of Technology)",OBC-NCL,Gender-Neutral,3015,3568
Indian Institute of Technology Indore,"Chemical Engineering (4 Years, Bachelor of Technology)",OBC-NCL,Female-only (including Supernumerary),6714,6965
Indian Institute of Technology Indore,"Civil Engineering (4 Years, Bachelor of Technology)",OBC-NCL,Gender-Neutral,3390,3974
Indian Institute of Technology Indore,"Civil Engineering (4 Years, Bachelor of Technology)",OBC-NCL,Female-only (including Supernumerary),6590,7849
Indian Institute of Technology Indore,"Computer Science and Engineering (4 Years, Bachelor of Technology)",OBC-NCL,Gender-Neutral,301,649
Indian Institute of Technology Indore,"Computer Science and Engineering (4 Years, Bachelor of Technology)",OBC-NCL,Female-only (including Supernumerary),1053,1468
Indian Institute of Technology Indore,"Electrical Engineering (4 Years, Bachelor of Technology)",OBC-NCL,Gender-Neutral,1193,1648
Indian Institute of Technology Indore,"Electrical Engineering (4 Years, Bachelor of Technology)",OBC-NCL,Female-only (including Supernumerary),2688,4056
Indian Institute of Technology Indore,"Engineering Physics (4 Years, Bachelor of Technology)",OBC-NCL,Gender-Neutral,3128,3618
Indian Institute of Technology Indore,"Engineering Physics (4 Years, Bachelor of Technology)",OBC-NCL,Female-only (including Supernumerary),8144,8144
Indian Institute of Technology Indore,"Mathematics and Computing (4 Years, Bachelor of Technology)",OBC-NCL,Gender-Neutral,635,1064
Indian Institute of Technology Indore,"Mathematics and Computing (4 Years, Bachelor of Technology)",OBC-NCL,Female-only (including Supernumerary),1807,2373
Indian Institute of Technology Indore,"Mechanical Engineering (4 Years, Bachelor of Technology)",OBC-NCL,Gender-Neutral,2198,2993
Indian Institute of Technology Indore,"Mechanical Engineering (4 Years, Bachelor of Technology)",OBC-NCL,Female-only (including Supernumerary),5542,6402
Indian Institute of Technology Indore,"Metallurgical Engineering and Materials Science (4 Years, Bachelor of Technology)",OBC-NCL,Gender-Neutral,3582,4524
Indian Institute of Technology Indore,"Metallurgical Engineering and Materials Science (4 Years, Bachelor of Technology)",OBC-NCL,Female-only (including Supernumerary),8322,8653
Indian Institute of Technology Indore,"Space Sciences and Engineering (4 Years, Bachelor of Technology)",OBC-NCL,Gender-Neutral,1916,3159
Indian Institute of Technology Indore,"Space Sciences and Engineering (4 Years, Bachelor of Technology)",OBC-NCL,Female-only (including Supernumerary),5795,5795
Indian Institute of Technology Kharagpur,"Aerospace Engineering (4 Years, Bachelor of Technology)",OBC-NCL,Gender-Neutral,1741,2345
Indian Institute of Technology Kharagpur,"Aerospace Engineering (4 Years, Bachelor of Technology)",OBC-NCL,Female-only (including Supernumerary),4427,5661
Indian Institute of Technology Kharagpur,"Agricultural and Food Engineering (4 Years, Bachelor of Technology)",OBC-NCL,Gender-Neutral,3191,4488
Indian Institute of Technology Kharagpur,"Agricultural and Food Engineering (4 Years, Bachelor of Technology)",OBC-NCL,Female-only (including Supernumerary),8281,8557
Indian Institute of Technology Kharagpur,"Applied Geology (4 Years, Bachelor of Science)",OBC-NCL,Gender-Neutral,4616,5493
Indian Institute of Technology Kharagpur,"Architecture (5 Years, Bachelor of Architecture)",OBC-NCL,Gender-Neutral,6513,7772
Indian Institute of Technology Kharagpur,"Artificial Intelligence (4 Years, Bachelor of Technology)",OBC-NCL,Gender-Neutral,308,412
Indian Institute of Technology Kharagpur,"Artificial Intelligence (4 Years, Bachelor of Technology)",OBC-NCL,Female-only (including Supernumerary),924,1109
Indian Institute of Technology Kharagpur,"Biotechnology and Biochemical Engineering (4 Years, Bachelor of Technology)",OBC-NCL,Gender-Neutral,3326,3797
Indian Institute of Technology Kharagpur,"Biotechnology and Biochemical Engineering (4 Years, Bachelor of Technology)",OBC-NCL,Female-only (including Supernumerary),6514,7866
Indian Institute of Technology Kharagpur,"Chemical Engineering (4 Years, Bachelor of Technology)",OBC-NCL,Gender-Neutral,1779,2388
Indian Institute of Technology Kharagpur,"Chemical Engineering (4 Years, Bachelor of Technology)",OBC-NCL,Female-only (including Supernumerary),4348,5232
Indian Institute of Technology Kharagpur,"Chemistry (4 Years, Bachelor of Science)",OBC-NCL,Gender-Neutral,4714,5375
Indian Institute of Technology Kharagpur,"Chemistry (4 Years, Bachelor of Science)",OBC-NCL,Female-only (including Supernumerary),8798,9099
Indian Institute of Technology Kharagpur,"Civil Engineering (4 Years, Bachelor of Technology)",OBC-NCL,Gender-Neutral,2031,2991
Indian Institute of Technology Kharagpur,"Civil Engineering (4 Years, Bachelor of Technology)",OBC-NCL,Female-only (including Supernumerary),5456,6337
Indian Institute of Technology Kharagpur,"Computer Science and Engineering (4 Years, Bachelor of Technology)",OBC-NCL,Gender-Neutral,91,209
Indian Institute of Technology Kharagpur,"Computer Science and Engineering (4 Years, Bachelor of Technology)",OBC-NCL,Female-only (including Supernumerary),396,601
Indian Institute of Technology Kharagpur,"Economics (4 Years, Bachelor of Science)",OBC-NCL,Gender-Neutral,1941,2736
Indian Institute of Technology Kharagpur,"Economics (4 Years, Bachelor of Science)",OBC-NCL,Female-only (including Supernumerary),5105,7383
Indian Institute of Technology Kharagpur,"Electrical Engineering (4 Years, Bachelor of Technology)",OBC-NCL,Gender-Neutral,719,944
Indian Institute of Technology Kharagpur,"Electrical Engineering (4 Years, Bachelor of Technology)",OBC-NCL,Female-only (including Supernumerary),1657,2057
Indian Institute of Technology Kharagpur,"Electronics and Electrical Communication Engineering (4 Years, Bachelor of Technology)",OBC-NCL,Gender-Neutral,234,687
Indian Institute of Technology Kharagpur,"Electronics and Electrical Communication Engineering (4 Years, Bachelor of Technology)",OBC-NCL,Female-only (including Supernumerary),977,1672
Indian Institute of Technology Kharagpur,"Exploration Geophysics (4 Years, Bachelor of Science)",OBC-NCL,Gender-Neutral,4299,5104
Indian Institute of Technology Kharagpur,"Exploration Geophysics (4 Years, Bachelor of Science)",OBC-NCL,Female-only (including Supernumerary),9049,9049
Indian Institute of Technology Kharagpur,"Industrial and Systems Engineering (4 Years, Bachelor of Technology)",OBC-NCL,Gender-Neutral,1112,2307
Indian Institute of Technology Kharagpur,"Industrial and Systems Engineering (4 Years, Bachelor of Technology)",OBC-NCL,Female-only (including Supernumerary),3669,5032
Indian Institute of Technology Kharagpur,"Instrumentation Engineering (4 Years, Bachelor of Technology)",OBC-NCL,Gender-Neutral,1103,1302
Indian Institute of Technology Kharagpur,"Instrumentation Engineering (4 Years, Bachelor of Technology)",OBC-NCL,Female-only (including Supernumerary),3385,3448
Indian Institute of Technology Kharagpur,"Manufacturing Science and Engineering (4 Years, Bachelor of Technology)",OBC-NCL,Gender-Neutral,2322,3292
Indian Institute of Technology Kharagpur,"Manufacturing Science and Engineering (4 Years, Bachelor of Technology)",OBC-NCL,Female-only (including Supernumerary),5944,6497
Indian Institute of Technology Kharagpur,"Mathematics and Computing (4 Years, Bachelor of Science)",OBC-NCL,Gender-Neutral,504,740
Indian Institute of Technology Kharagpur,"Mathematics and Computing (4 Years, Bachelor of Science)",OBC-NCL,Female-only (including Supernumerary),1478,1883
Indian Institute of Technology Kharagpur,"Mechanical Engineering (4 Years, Bachelor of Technology)",OBC-NCL,Gender-Neutral,1137,1721
Indian Institute of Technology Kharagpur,"Mechanical Engineering (4 Years, Bachelor of Technology)",OBC-NCL,Female-only (including Supernumerary),3638,4493
Indian Institute of Technology Kharagpur,"Metallurgical and Materials Engineering (4 Years, Bachelor of Technology)",OBC-NCL,Gender-Neutral,2394,3378
Indian Institute of Technology Kharagpur,"Metallurgical and Materials Engineering (4 Years, Bachelor of Technology)",OBC-NCL,Female-only (including Supernumerary),6844,7423
Indian Institute of Technology Kharagpur,"Mining Engineering (4 Years, Bachelor of Technology)",OBC-NCL,Gender-Neutral,3031,4015
Indian Institute of Technology Kharagpur,"Mining Engineering (4 Years, Bachelor of Technology)",OBC-NCL,Female-only (including Supernumerary),8100,8519
Indian Institute of Technology Kharagpur,"Ocean Engineering and Naval Architecture (4 Years, Bachelor of Technology)",OBC-NCL,Gender-Neutral,3313,4208
Indian Institute of Technology Kharagpur,"Ocean Engineering and Naval Architecture (4 Years, Bachelor of Technology)",OBC-NCL,Female-only (including Supernumerary),7362,8540
Indian Institute of Technology Kharagpur,"Physics (4 Years, Bachelor of Science)",OBC-NCL,Gender-Neutral,3604,4608
Indian Institute of Technology Kharagpur,"Physics (4 Years, Bachelor of Science)",OBC-NCL,Female-only (including Supernumerary),7850,8776
Indian Institute of Technology Hyderabad,"Artificial Intelligence (4 Years, Bachelor of Technology)",OBC-NCL,Gender-Neutral,295,399
Indian Institute of Technology Hyderabad,"Artificial Intelligence (4 Years, Bachelor of Technology)",OBC-NCL,Female-only (including Supernumerary),562,798
Indian Institute of Technology Hyderabad,"Biomedical Engineering (4 Years, Bachelor of Technology)",OBC-NCL,Gender-Neutral,3613,4087
Indian Institute of Technology Hyderabad,"Biomedical Engineering (4 Years, Bachelor of Technology)",OBC-NCL,Female-only (including Supernumerary),4554,5782
Indian Institute of Technology Hyderabad,"Biotechnology and Bioinformatics (4 Years, Bachelor of Technology)",OBC-NCL,Gender-Neutral,3056,4058
Indian Institute of Technology Hyderabad,"Biotechnology and Bioinformatics (4 Years, Bachelor of Technology)",OBC-NCL,Female-only (including Supernumerary),6673,6673
Indian Institute of Technology Hyderabad,"Chemical Engineering (4 Years, Bachelor of Technology)",OBC-NCL,Gender-Neutral,2152,2755
Indian Institute of Technology Hyderabad,"Chemical Engineering (4 Years, Bachelor of Technology)",OBC-NCL,Female-only (including Supernumerary),4306,4578
Indian Institute of Technology Hyderabad,"Civil Engineering (4 Years, Bachelor of Technology)",OBC-NCL,Gender-Neutral,2830,3334
Indian Institute of Technology Hyderabad,"Civil Engineering (4 Years, Bachelor of Technology)",OBC-NCL,Female-only (including Supernumerary),5762,6223
Indian Institute of Technology Hyderabad,"Computational Engineering (4 Years, Bachelor of Technology)",OBC-NCL,Gender-Neutral,638,991
Indian Institute of Technology Hyderabad,"Computational Engineering (4 Years, Bachelor of Technology)",OBC-NCL,Female-only (including Supernumerary),1547,1547
Indian Institute of Technology Hyderabad,"Computer Science and Engineering (4 Years, Bachelor of Technology)",OBC-NCL,Gender-Neutral,123,302
Indian Institute of Technology Hyderabad,"Computer Science and Engineering (4 Years, Bachelor of Technology)",OBC-NCL,Female-only (including Supernumerary),605,865
Indian Institute of Technology Hyderabad,"Electrical Engineering (4 Years, Bachelor of Technology)",OBC-NCL,Gender-Neutral,606,1021
Indian Institute of Technology Hyderabad,"Electrical Engineering (4 Years, Bachelor of Technology)",OBC-NCL,Female-only (including Supernumerary),1260,2009
Indian Institute of Technology Hyderabad,"Electrical Engineering (IC Design and Technology) (4 Years, Bachelor of Technology)",OBC-NCL,Gender-Neutral,557,920
Indian Institute of Technology Hyderabad,"Electrical Engineering (IC Design and Technology) (4 Years, Bachelor of Technology)",OBC-NCL,Female-only (including Supernumerary),2076,2076
Indian Institute of Technology Hyderabad,"Engineering Physics (4 Years, Bachelor of Technology)",OBC-NCL,Gender-Neutral,2435,2856
Indian Institute of Technology Hyderabad,"Engineering Physics (4 Years, Bachelor of Technology)",OBC-NCL,Female-only (including Supernumerary),3086,6654
Indian Institute of Technology Hyderabad,"Engineering Science (4 Years, Bachelor of Technology)",OBC-NCL,Gender-Neutral,1166,1984
Indian Institute of Technology Hyderabad,"Engineering Science (4 Years, Bachelor of Technology)",OBC-NCL,Female-only (including Supernumerary),2543,4046
Indian Institute of Technology Hyderabad,"Industrial Chemistry (4 Years, Bachelor of Technology)",OBC-NCL,Gender-Neutral,2923,4097
Indian Institute of Technology Hyderabad,"Industrial Chemistry (4 Years, Bachelor of Technology)",OBC-NCL,Female-only (including Supernumerary),7981,7981
Indian Institute of Technology Hyderabad,"Materials Science and Metallurgical Engineering (4 Years, Bachelor of Technology)",OBC-NCL,Gender-Neutral,2847,3481
Indian Institute of Technology Hyderabad,"Materials Science and Metallurgical Engineering (4 Years, Bachelor of Technology)",OBC-NCL,Female-only (including Supernumerary),7549,7564
Indian Institute of Technology Hyderabad,"Mathematics and Computing (4 Years, Bachelor of Technology)",OBC-NCL,Gender-Neutral,419,480
Indian Institute of Technology Hyderabad,"Mathematics and Computing (4 Years, Bachelor of Technology)",OBC-NCL,Female-only (including Supernumerary),918,918
Indian Institute of Technology Hyderabad,"Mechanical Engineering (4 Years, Bachelor of Technology)",OBC-NCL,Gender-Neutral,1765,2121
Indian Institute of Technology Hyderabad,"Mechanical Engineering (4 Years, Bachelor of Technology)",OBC-NCL,Female-only (including Supernumerary),2745,4746
Indian Institute of Technology Jodhpur,"Artificial Intelligence and Data Science (4 Years, Bachelor of Technology)",OBC-NCL,Gender-Neutral,1341,1722
Indian Institute of Technology Jodhpur,"Artificial Intelligence and Data Science (4 Years, Bachelor of Technology)",OBC-NCL,Female-only (including Supernumerary),4169,4502
Indian Institute of Technology Jodhpur,"Bio Engineering (4 Years, Bachelor of Technology)",OBC-NCL,Gender-Neutral,4754,5752
Indian Institute of Technology Jodhpur,"Bio Engineering (4 Years, Bachelor of Technology)",OBC-NCL,Female-only (including Supernumerary),9141,9141
Indian Institute of Technology Jodhpur,"Chemical Engineering (4 Years, Bachelor of Technology)",OBC-NCL,Gender-Neutral,4259,4613
Indian Institute of Technology Jodhpur,"Chemical Engineering (4 Years, Bachelor of Technology)",OBC-NCL,Female-only (including Supernumerary),8291,8539
Indian Institute of Technology Jodhpur,"Chemistry with Specialization (4 Years, Bachelor of Science)",OBC-NCL,Gender-Neutral,5713,6013
Indian Institute of Technology Jodhpur,"Civil and Infrastructure Engineering (4 Years, Bachelor of Technology)",OBC-NCL,Gender-Neutral,4108,4937
Indian Institute of Technology Jodhpur,"Civil and Infrastructure Engineering (4 Years, Bachelor of Technology)",OBC-NCL,Female-only (including Supernumerary),9273,9273
Indian Institute of Technology Jodhpur,"Computer Science and Engineering (4 Years, Bachelor of Technology)",OBC-NCL,Gender-Neutral,735,1404
Indian Institute of Technology Jodhpur,"Computer Science and Engineering (4 Years, Bachelor of Technology)",OBC-NCL,Female-only (including Supernumerary),2023,3361
Indian Institute of Technology Jodhpur,"Electrical Engineering (4 Years, Bachelor of Technology)",OBC-NCL,Gender-Neutral,2316,2972
Indian Institute of Technology Jodhpur,"Electrical Engineering (4 Years, Bachelor of Technology)",OBC-NCL,Female-only (including Supernumerary),6084,6785
Indian Institute of Technology Jodhpur,"Materials Engineering (4 Years, Bachelor of Technology)",OBC-NCL,Gender-Neutral,4948,5688
Indian Institute of Technology Jodhpur,"Materials Engineering (4 Years, Bachelor of Technology)",OBC-NCL,Female-only (including Supernumerary),8892,9279
Indian Institute of Technology Jodhpur,"Mechanical Engineering (4 Years, Bachelor of Technology)",OBC-NCL,Gender-Neutral,3320,4105
Indian Institute of Technology Jodhpur,"Mechanical Engineering (4 Years, Bachelor of Technology)",OBC-NCL,Female-only (including Supernumerary),8042,8755
Indian Institute of Technology Jodhpur,"Physics with Specialization (4 Years, Bachelor of Science)",OBC-NCL,Gender-Neutral,4654,5792
Indian Institute of Technology Kanpur,"Aerospace Engineering (4 Years, Bachelor of Technology)",OBC-NCL,Gender-Neutral,863,1980
Indian Institute of Technology Kanpur,"Aerospace Engineering (4 Years, Bachelor of Technology)",OBC-NCL,Female-only (including Supernumerary),3457,4326
Indian Institute of Technology Kanpur,"Biological Sciences and Bioengineering (4 Years, Bachelor of Technology)",OBC-NCL,Gender-Neutral,2995,3476
Indian Institute of Technology Kanpur,"Biological Sciences and Bioengineering (4 Years, Bachelor of Technology)",OBC-NCL,Female-only (including Supernumerary),6561,7371
Indian Institute of Technology Kanpur,"Chemical Engineering (4 Years, Bachelor of Technology)",OBC-NCL,Gender-Neutral,1402,2058
Indian Institute of Technology Kanpur,"Chemical Engineering (4 Years, Bachelor of Technology)",OBC-NCL,Female-only (including Supernumerary),3295,4628
Indian Institute of Technology Kanpur,"Chemistry (4 Years, Bachelor of Science)",OBC-NCL,Gender-Neutral,3173,4766
Indian Institute of Technology Kanpur,"Chemistry (4 Years, Bachelor of Science)",OBC-NCL,Female-only (including Supernumerary),7860,8578
Indian Institute of Technology Kanpur,"Civil Engineering (4 Years, Bachelor of Technology)",OBC-NCL,Gender-Neutral,2168,2764
Indian Institute of Technology Kanpur,"Civil Engineering (4 Years, Bachelor of Technology)",OBC-NCL,Female-only (including Supernumerary),5332,6704
Indian Institute of Technology Kanpur,"Computer Science and Engineering (4 Years, Bachelor of Technology)",OBC-NCL,Gender-Neutral,61,132
Indian Institute of Technology Kanpur,"Computer Science and Engineering (4 Years, Bachelor of Technology)",OBC-NCL,Female-only (including Supernumerary),410,538
Indian Institute of Technology Kanpur,"Earth Sciences (4 Years, Bachelor of Science)",OBC-NCL,Gender-Neutral,3667,4562
Indian Institute of Technology Kanpur,"Earth Sciences (4 Years, Bachelor of Science)",OBC-NCL,Female-only (including Supernumerary),7778,8477
Indian Institute of Technology Kanpur,"Economics (4 Years, Bachelor of Science)",OBC-NCL,Gender-Neutral,1258,2051
Indian Institute of Technology Kanpur,"Economics (4 Years, Bachelor of Science)",OBC-NCL,Female-only (including Supernumerary),3436,4211
Indian Institute of Technology Kanpur,"Electrical Engineering (4 Years, Bachelor of Technology)",OBC-NCL,Gender-Neutral,432,743
Indian Institute of Technology Kanpur,"Electrical Engineering (4 Years, Bachelor of Technology)",OBC-NCL,Female-only (including Supernumerary),1397,2426
Indian Institute of Technology Kanpur,"Materials Science and Engineering (4 Years, Bachelor of Technology)",OBC-NCL,Gender-Neutral,2603,3126
Indian Institute of Technology Kanpur,"Materials Science and Engineering (4 Years, Bachelor of Technology)",OBC-NCL,Female-only (including Supernumerary),6390,7187
Indian Institute of Technology Kanpur,"Mathematics and Scientific Computing (4 Years, Bachelor of Science)",OBC-NCL,Gender-Neutral,352,673
Indian Institute of Technology Kanpur,"Mathematics and Scientific Computing (4 Years, Bachelor of Science)",OBC-NCL,Female-only (including Supernumerary),1295,2234
Indian Institute of Technology Kanpur,"Mechanical Engineering (4 Years, Bachelor of Technology)",OBC-NCL,Gender-Neutral,1046,1392
Indian Institute of Technology Kanpur,"Mechanical Engineering (4 Years, Bachelor of Technology)",OBC-NCL,Female-only (including Supernumerary),3631,4202
Indian Institute of Technology Kanpur,"Physics (4 Years, Bachelor of Science)",OBC-NCL,Gender-Neutral,2664,3602
Indian Institute of Technology Kanpur,"Physics (4 Years, Bachelor of Science)",OBC-NCL,Female-only (including Supernumerary),6209,7080
Indian Institute of Technology Kanpur,"Statistics and Data Science (4 Years, Bachelor of Science)",OBC-NCL,Gender-Neutral,486,714
Indian Institute of Technology Kanpur,"Statistics and Data Science (4 Years, Bachelor of Science)",OBC-NCL,Female-only (including Supernumerary),1611,1999
Indian Institute of Technology Madras,"Aerospace Engineering (4 Years, Bachelor of Technology)",OBC-NCL,Gender-Neutral,832,1655
Indian Institute of Technology Madras,"Aerospace Engineering (4 Years, Bachelor of Technology)",OBC-NCL,Female-only (including Supernumerary),1452,3432
Indian Institute of Technology Madras,"Aerospace Engineering (5 Years, Bachelor and Master of Technology (Dual Degree))",OBC-NCL,Gender-Neutral,1395,1455
Indian Institute of Technology Madras,"Aerospace Engineering (5 Years, Bachelor and Master of Technology (Dual Degree))",OBC-NCL,Female-only (including Supernumerary),3953,3953
Indian Institute of Technology Madras,"Artificial Intelligence and Data Analytics (4 Years, Bachelor of Technology)",OBC-NCL,Gender-Neutral,137,207
Indian Institute of Technology Madras,"Artificial Intelligence and Data Analytics (4 Years, Bachelor of Technology)",OBC-NCL,Female-only (including Supernumerary),306,503
Indian Institute of Technology Madras,"Biological Engineering (4 Years, Bachelor of Technology)",OBC-NCL,Gender-Neutral,2456,3364
Indian Institute of Technology Madras,"Biological Engineering (4 Years, Bachelor of Technology)",OBC-NCL,Female-only (including Supernumerary),5526,6929
Indian Institute of Technology Madras,"Biological Science (4 Years, Bachelor of Science)",OBC-NCL,Gender-Neutral,4045,4682
Indian Institute of Technology Madras,"Biological Science (4 Years, Bachelor of Science)",OBC-NCL,Female-only (including Supernumerary),6950,7692
Indian Institute of Technology Madras,"Chemical Engineering (4 Years, Bachelor of Technology)",OBC-NCL,Gender-Neutral,820,2042
Indian Institute of Technology Madras,"Chemical Engineering (4 Years, Bachelor of Technology)",OBC-NCL,Female-only (including Supernumerary),2636,3772
Indian Institute of Technology Madras,"Civil Engineering (4 Years, Bachelor of Technology)",OBC-NCL,Gender-Neutral,1586,2592
Indian Institute of Technology Madras,"Civil Engineering (4 Years, Bachelor of Technology)",OBC-NCL,Female-only (including Supernumerary),3477,5366
Indian Institute of Technology Madras,"Computer Science and Engineering (4 Years, Bachelor of Technology)",OBC-NCL,Gender-Neutral,18,82
Indian Institute of Technology Madras,"Computer Science and Engineering (4 Years, Bachelor of Technology)",OBC-NCL,Female-only (including Supernumerary),288,344
Indian Institute of Technology Madras,"Electrical Engineering (4 Years, Bachelor of Technology)",OBC-NCL,Gender-Neutral,122,407
Indian Institute of Technology Madras,"Electrical Engineering (4 Years, Bachelor of Technology)",OBC-NCL,Female-only (including Supernumerary),641,1063
Indian Institute of Technology Madras,"Engineering Design (5 Years, Bachelor and Master of Technology (Dual Degree))",OBC-NCL,Gender-Neutral,933,1772
Indian Institute of Technology Madras,"Engineering Design (5 Years, Bachelor and Master of Technology (Dual Degree))",OBC-NCL,Female-only (including Supernumerary),2860,3896
Indian Institute of Technology Madras,"Engineering Physics (4 Years, Bachelor of Technology)",OBC-NCL,Gender-Neutral,385,1192
Indian Institute of Technology Madras,"Engineering Physics (4 Years, Bachelor of Technology)",OBC-NCL,Female-only (including Supernumerary),2319,3046
Indian Institute of Technology Madras,"Mechanical Engineering (4 Years, Bachelor of Technology)",OBC-NCL,Gender-Neutral,509,1199
Indian Institute of Technology Madras,"Mechanical Engineering (4 Years, Bachelor of Technology)",OBC-NCL,Female-only (including Supernumerary),2292,3442
Indian Institute of Technology Madras,"Metallurgical and Materials Engineering (4 Years, Bachelor of Technology)",OBC-NCL,Gender-Neutral,2010,2463
Indian Institute of Technology Madras,"Metallurgical and Materials Engineering (4 Years, Bachelor of Technology)",OBC-NCL,Female-only (including Supernumerary),4498,5297
Indian Institute of Technology Madras,"Naval Architecture and Ocean Engineering (4 Years, Bachelor of Technology)",OBC-NCL,Gender-Neutral,2615,3210
Indian Institute of Technology Madras,"Naval Architecture and Ocean Engineering (4 Years, Bachelor of Technology)",OBC-NCL,Female-only (including Supernumerary),5654,6778
Indian Institute of Technology Madras,"Physics (5 Years, Bachelor of Science and Master of Science (Dual Degree))",OBC-NCL,Gender-Neutral,1804,2369
Indian Institute of Technology Madras,"Physics (5 Years, Bachelor of Science and Master of Science (Dual Degree))",OBC-NCL,Female-only (including Supernumerary),5459,5459
Indian Institute of Technology Gandhinagar,"Artificial Intelligence (4 Years, Bachelor of Technology)",OBC-NCL,Gender-Neutral,908,1115
Indian Institute of Technology Gandhinagar,"Artificial Intelligence (4 Years, Bachelor of Technology)",OBC-NCL,Female-only (including Supernumerary),2317,2534
Indian Institute of Technology Gandhinagar,"Chemical Engineering (4 Years, Bachelor of Technology)",OBC-NCL,Gender-Neutral,3134,3800
Indian Institute of Technology Gandhinagar,"Chemical Engineering (4 Years, Bachelor of Technology)",OBC-NCL,Female-only (including Supernumerary),6706,7934
Indian Institute of Technology Gandhinagar,"Civil Engineering (4 Years, Bachelor of Technology)",OBC-NCL,Gender-Neutral,3093,4148
Indian Institute of Technology Gandhinagar,"Civil Engineering (4 Years, Bachelor of Technology)",OBC-NCL,Female-only (including Supernumerary),8117,8173
Indian Institute of Technology Gandhinagar,"Computer Science and Engineering (4 Years, Bachelor of Technology)",OBC-NCL,Gender-Neutral,411,750
Indian Institute of Technology Gandhinagar,"Computer Science and Engineering (4 Years, Bachelor of Technology)",OBC-NCL,Female-only (including Supernumerary),1602,1714
Indian Institute of Technology Gandhinagar,"Computer Science and Engineering (5 Years, Bachelor and Master of Technology (Dual Degree))",OBC-NCL,Gender-Neutral,923,1048
Indian Institute of Technology Gandhinagar,"Computer Science and Engineering (5 Years, Bachelor and Master of Technology (Dual Degree))",OBC-NCL,Female-only (including Supernumerary),2950,2950
Indian Institute of Technology Gandhinagar,"Electrical Engineering (4 Years, Bachelor of Technology)",OBC-NCL,Gender-Neutral,1415,1930
Indian Institute of Technology Gandhinagar,"Electrical Engineering (4 Years, Bachelor of Technology)",OBC-NCL,Female-only (including Supernumerary),4489,4896
Indian Institute of Technology Gandhinagar,"Electrical Engineering (5 Years, Bachelor and Master of Technology (Dual Degree))",OBC-NCL,Gender-Neutral,1806,2274
Indian Institute of Technology Gandhinagar,"Electrical Engineering (5 Years, Bachelor and Master of Technology (Dual Degree))",OBC-NCL,Female-only (including Supernumerary),5783,5783
Indian Institute of Technology Gandhinagar,"Integrated Circuit Design & Technology (4 Years, Bachelor of Technology)",OBC-NCL,Gender-Neutral,1347,2660
Indian Institute of Technology Gandhinagar,"Integrated Circuit Design & Technology (4 Years, Bachelor of Technology)",OBC-NCL,Female-only (including Supernumerary),4751,5545
Indian Institute of Technology Gandhinagar,"Materials Engineering (4 Years, Bachelor of Technology)",OBC-NCL,Gender-Neutral,4192,4653
Indian Institute of Technology Gandhinagar,"Materials Engineering (4 Years, Bachelor of Technology)",OBC-NCL,Female-only (including Supernumerary),8171,8171
Indian Institute of Technology Gandhinagar,"Mechanical Engineering (4 Years, Bachelor of Technology)",OBC-NCL,Gender-Neutral,2646,3075
Indian Institute of Technology Gandhinagar,"Mechanical Engineering (4 Years, Bachelor of Technology)",OBC-NCL,Female-only (including Supernumerary),6809,7095
Indian Institute of Technology Gandhinagar,"Mechanical Engineering (5 Years, Bachelor and Master of Technology (Dual Degree))",OBC-NCL,Gender-Neutral,3201,3498
Indian Institute of Technology Gandhinagar,"Mechanical Engineering (5 Years, Bachelor and Master of Technology (Dual Degree))",OBC-NCL,Female-only (including Supernumerary),7139,7139
Indian Institute of Technology Patna,"Artificial Intelligence and Data Science (4 Years, Bachelor of Technology)",OBC-NCL,Gender-Neutral,1209,1661
Indian Institute of Technology Patna,"Artificial Intelligence and Data Science (4 Years, Bachelor of Technology)",OBC-NCL,Female-only (including Supernumerary),3196,4132
Indian Institute of Technology Patna,"B. Tech in CE. - M. Tech. in Geotechnical Engineering (5 Years, B.Tech. + M.Tech./MS (Dual Degree))",OBC-NCL,Gender-Neutral,5378,5517
Indian Institute of Technology Patna,"B. Tech in CE. - M. Tech. in Structural Engineering (5 Years, B.Tech. + M.Tech./MS (Dual Degree))",OBC-NCL,Gender-Neutral,4591,5199
Indian Institute of Technology Patna,"B. Tech. (CSE) and M.Tech in CSE (5 Years, B.Tech. + M.Tech./MS (Dual Degree))",OBC-NCL,Gender-Neutral,1277,1541
Indian Institute of Technology Patna,"B. Tech. (ECE) -M. Tech. in VLSI (5 Years, B.Tech. + M.Tech./MS (Dual Degree))",OBC-NCL,Gender-Neutral,2211,2215
Indian Institute of Technology Patna,"B. Tech. (ECE) -M. Tech. in VLSI (5 Years, B.Tech. + M.Tech./MS (Dual Degree))",OBC-NCL,Female-only (including Supernumerary),6902,6902
Indian Institute of Technology Patna,"B. Tech. (EEE)-M. Tech. in (Power &. Control) (5 Years, B.Tech. + M.Tech./MS (Dual Degree))",OBC-NCL,Gender-Neutral,3036,3084
Indian Institute of Technology Patna,"B. Tech. (EEE)-M. Tech. in (Power &. Control) (5 Years, B.Tech. + M.Tech./MS (Dual Degree))",OBC-NCL,Female-only (including Supernumerary),7167,7167
Indian Institute of Technology Patna,"B. Tech. (Mathematics & Computing) M. Tech. in (Mathematics & Computing) (5 Years, B.Tech. + M.Tech./MS (Dual Degree))",OBC-NCL,Gender-Neutral,2014,2200
Indian Institute of Technology Patna,"B. Tech. (Mathematics & Computing) M. Tech. in (Mathematics & Computing) (5 Years, B.Tech. + M.Tech./MS (Dual Degree))",OBC-NCL,Female-only (including Supernumerary),4930,4930
Indian Institute of Technology Patna,"B. Tech. (ME) - M. Tech. in Mechatronics (5 Years, B.Tech. + M.Tech./MS (Dual Degree))",OBC-NCL,Gender-Neutral,3449,3916
Indian Institute of Technology Patna,"B. Tech. (ME) - M. Tech. in Mechatronics (5 Years, B.Tech. + M.Tech./MS (Dual Degree))",OBC-NCL,Female-only (including Supernumerary),8810,8810
Indian Institute of Technology Patna,"B.Tech (Artificial Intelligence and Data Science) - MBA in Digital Business Management (IIM Bodh Gaya) (5 Years, Bachelor of Technology and MBA (Dual Degree))",OBC-NCL,Gender-Neutral,1961,1961
Indian Institute of Technology Patna,"B.Tech (Artificial Intelligence and Data Science) - MBA in Digital Business Management (IIM Bodh Gaya) (5 Years, Bachelor of Technology and MBA (Dual Degree))",OBC-NCL,Female-only (including Supernumerary),3612,3612
Indian Institute of Technology Patna,"B.Tech (Chemical Engineering) - MBA in Hospital and Health Care Management (IIM Bodh Gaya) (5 Years, Bachelor of Technology and MBA (Dual Degree))",OBC-NCL,Gender-Neutral,4544,4544
Indian Institute of Technology Patna,"B.Tech (Chemical Science and Technology) - MBA in Hospital and Health Care Management (IIM Bodh Gaya) (5 Years, Bachelor of Technology and MBA (Dual Degree))",OBC-NCL,Gender-Neutral,5396,5396
Indian Institute of Technology Patna,"B.Tech (Civil Engineering) - MBA (IIM Bodh Gaya) (5 Years, Bachelor of Technology and MBA (Dual Degree))",OBC-NCL,Gender-Neutral,4971,4971
Indian Institute of Technology Patna,"B.Tech (Computer Science and Engineering) - MBA in Digital Business Management (IIM Bodh Gaya) (5 Years, Bachelor of Technology and MBA (Dual Degree))",OBC-NCL,Gender-Neutral,1183,1183
Indian Institute of Technology Patna,"B.Tech (Electrical and Electronics Engineering) - MBA (IIM Bodh Gaya) (5 Years, Bachelor of Technology and MBA (Dual Degree))",OBC-NCL,Gender-Neutral,2622,2622
Indian Institute of Technology Patna,"B.Tech (Electronics and Communication Engineering) - MBA in Hospital and Healthcare Management (IIM Bodh Gaya) (5 Years, Bachelor of Technology and MBA (Dual Degree))",OBC-NCL,Gender-Neutral,3094,3094
Indian Institute of Technology Patna,"B.Tech (Engineering Physics) - MBA (IIM Bodh Gaya) (5 Years, Bachelor of Technology and MBA (Dual Degree))",OBC-NCL,Gender-Neutral,4878,4878
Indian Institute of Technology Patna,"B.Tech (Mathematics and Computing) - MBA in Digital Business Management (IIM Bodh Gaya) (5 Years, Bachelor of Technology and MBA (Dual Degree))",OBC-NCL,Gender-Neutral,2229,2229
Indian Institute of Technology Patna,"B.Tech (Mathematics and Computing) - MBA in Digital Business Management (IIM Bodh Gaya) (5 Years, Bachelor of Technology and MBA (Dual Degree))",OBC-NCL,Female-only (including Supernumerary),6341,6341
Indian Institute of Technology Patna,"B.Tech (Mechanical Engineering) - MBA (IIM Mumbai) (5 Years, Bachelor of Technology and MBA (Dual Degree))",OBC-NCL,Gender-Neutral,2889,3250
Indian Institute of Technology Patna,"B.Tech (Mechanical Engineering) - MBA (IIM Mumbai) (5 Years, Bachelor of Technology and MBA (Dual Degree))",OBC-NCL,Female-only (including Supernumerary),7457,7457
Indian Institute of Technology Patna,"B.Tech (Metallurgical and Materials Engineering) - MBA (IIM Bodh Gaya) (5 Years, Bachelor of Technology and MBA (Dual Degree))",OBC-NCL,Gender-Neutral,4728,4728
Indian Institute of Technology Patna,"B.Tech. in Electronics and Communication Engineering and M.Tech. in Communication Systems (5 Years, Bachelor and Master of Technology (Dual Degree))",OBC-NCL,Gender-Neutral,2372,2383
Indian Institute of Technology Patna,"BS in Economics with MBA (IIM Bodh Gaya) (5 Years, Bachelor of Science and MBA (Dual Degree))",OBC-NCL,Gender-Neutral,3890,3890
Indian Institute of Technology Patna,"Chemical Engineering (4 Years, Bachelor of Technology)",OBC-NCL,Gender-Neutral,4236,4836
Indian Institute of Technology Patna,"Chemical Engineering (4 Years, Bachelor of Technology)",OBC-NCL,Female-only (including Supernumerary),8339,8805
Indian Institute of Technology Patna,"Chemical Science and Technology (4 Years, Bachelor of Technology)",OBC-NCL,Gender-Neutral,5025,5437
Indian Institute of Technology Patna,"Chemical Science and Technology (4 Years, Bachelor of Technology)",OBC-NCL,Female-only (including Supernumerary),9036,9036
Indian Institute of Technology Patna,"Civil Engineering (4 Years, Bachelor of Technology)",OBC-NCL,Gender-Neutral,4184,5194
Indian Institute of Technology Patna,"Civil Engineering (4 Years, Bachelor of Technology)",OBC-NCL,Female-only (including Supernumerary),8731,9291
Indian Institute of Technology Patna,"Computer Science and Engineering (4 Years, Bachelor of Technology)",OBC-NCL,Gender-Neutral,770,1135
Indian Institute of Technology Patna,"Computer Science and Engineering (4 Years, Bachelor of Technology)",OBC-NCL,Female-only (including Supernumerary),2522,2975
Indian Institute of Technology Patna,"Economics (4 Years, Bachelor of Science)",OBC-NCL,Gender-Neutral,4744,5527
Indian Institute of Technology Patna,"Electrical and Electronics Engineering (4 Years, Bachelor of Technology)",OBC-NCL,Gender-Neutral,2086,2695
Indian Institute of Technology Patna,"Electrical and Electronics Engineering (4 Years, Bachelor of Technology)",OBC-NCL,Female-only (including Supernumerary),5822,6649
Indian Institute of Technology Patna,"Electronics and Communication Engineering (4 Years, Bachelor of Technology)",OBC-NCL,Gender-Neutral,1895,2197
Indian Institute of Technology Patna,"Electronics and Communication Engineering (4 Years, Bachelor of Technology)",OBC-NCL,Female-only (including Supernumerary),4835,5603
Indian Institute of Technology Patna,"Engineering Physics (4 Years, Bachelor of Technology)",OBC-NCL,Gender-Neutral,4351,5206
Indian Institute of Technology Patna,"Engineering Physics (4 Years, Bachelor of Technology)",OBC-NCL,Female-only (including Supernumerary),9150,9150
Indian Institute of Technology Patna,"Mathematics and Computing (4 Years, Bachelor of Technology)",OBC-NCL,Gender-Neutral,1136,1939
Indian Institute of Technology Patna,"Mathematics and Computing (4 Years, Bachelor of Technology)",OBC-NCL,Female-only (including Supernumerary),3657,4568
Indian Institute of Technology Patna,"Mechanical Engineering (4 Years, Bachelor of Technology)",OBC-NCL,Gender-Neutral,3217,4099
Indian Institute of Technology Patna,"Mechanical Engineering (4 Years, Bachelor of Technology)",OBC-NCL,Female-only (including Supernumerary),6356,8469
Indian Institute of Technology Patna,"Metallurgical and Materials Engineering (4 Years, Bachelor of Technology)",OBC-NCL,Gender-Neutral,5451,5706
Indian Institute of Technology Roorkee,"Architecture (5 Years, Bachelor of Architecture)",OBC-NCL,Gender-Neutral,5379,6973
Indian Institute of Technology Roorkee,"Biosciences and Bioengineering (4 Years, Bachelor of Technology)",OBC-NCL,Gender-Neutral,3266,3549
Indian Institute of Technology Roorkee,"Biosciences and Bioengineering (4 Years, Bachelor of Technology)",OBC-NCL,Female-only (including Supernumerary),7685,8022
Indian Institute of Technology Roorkee,"Chemical Engineering (4 Years, Bachelor of Technology)",OBC-NCL,Gender-Neutral,1745,2386
Indian Institute of Technology Roorkee,"Chemical Engineering (4 Years, Bachelor of Technology)",OBC-NCL,Female-only (including Supernumerary),5014,5629
Indian Institute of Technology Roorkee,"Chemical Sciences (5 Years, Bachelor of Science and Master of Science (Dual Degree))",OBC-NCL,Gender-Neutral,3438,4818
Indian Institute of Technology Roorkee,"Chemical Sciences (5 Years, Bachelor of Science and Master of Science (Dual Degree))",OBC-NCL,Female-only (including Supernumerary),8781,8990
Indian Institute of Technology Roorkee,"Civil Engineering (4 Years, Bachelor of Technology)",OBC-NCL,Gender-Neutral,2210,2899
Indian Institute of Technology Roorkee,"Civil Engineering (4 Years, Bachelor of Technology)",OBC-NCL,Female-only (including Supernumerary),6018,7570
Indian Institute of Technology Roorkee,"Computer Science and Engineering (4 Years, Bachelor of Technology)",OBC-NCL,Gender-Neutral,165,236
Indian Institute of Technology Roorkee,"Computer Science and Engineering (4 Years, Bachelor of Technology)",OBC-NCL,Female-only (including Supernumerary),556,783
Indian Institute of Technology Roorkee,"Data Science and Artificial Intelligence (4 Years, Bachelor of Technology)",OBC-NCL,Gender-Neutral,238,421
Indian Institute of Technology Roorkee,"Data Science and Artificial Intelligence (4 Years, Bachelor of Technology)",OBC-NCL,Female-only (including Supernumerary),936,1105
Indian Institute of Technology Roorkee,"Economics (5 Years, Bachelor of Science and Master of Science (Dual Degree))",OBC-NCL,Gender-Neutral,1747,2552
Indian Institute of Technology Roorkee,"Economics (5 Years, Bachelor of Science and Master of Science (Dual Degree))",OBC-NCL,Female-only (including Supernumerary),4637,4949
Indian Institute of Technology Roorkee,"Electrical Engineering (4 Years, Bachelor of Technology)",OBC-NCL,Gender-Neutral,768,1012
Indian Institute of Technology Roorkee,"Electrical Engineering (4 Years, Bachelor of Technology)",OBC-NCL,Female-only (including Supernumerary),2182,3072
Indian Institute of Technology Roorkee,"Electronics and Communication Engineering (4 Years, Bachelor of Technology)",OBC-NCL,Gender-Neutral,514,732
Indian Institute of Technology Roorkee,"Electronics and Communication Engineering (4 Years, Bachelor of Technology)",OBC-NCL,Female-only (including Supernumerary),1247,1709
Indian Institute of Technology Roorkee,"Energy Engineering (4 Years, Bachelor of Technology)",OBC-NCL,Gender-Neutral,2018,2521
Indian Institute of Technology Roorkee,"Energy Engineering (4 Years, Bachelor of Technology)",OBC-NCL,Female-only (including Supernumerary),6329,6329
Indian Institute of Technology Roorkee,"Engineering Physics (4 Years, Bachelor of Technology)",OBC-NCL,Gender-Neutral,1908,2690
Indian Institute of Technology Roorkee,"Engineering Physics (4 Years, Bachelor of Technology)",OBC-NCL,Female-only (including Supernumerary),6528,6911
Indian Institute of Technology Roorkee,"Geological Technology (5 Years, Integrated Master of Technology)",OBC-NCL,Gender-Neutral,3931,4209
Indian Institute of Technology Roorkee,"Geological Technology (5 Years, Integrated Master of Technology)",OBC-NCL,Female-only (including Supernumerary),8427,8470
Indian Institute of Technology Roorkee,"Geophysical Technology (5 Years, Integrated Master of Technology)",OBC-NCL,Gender-Neutral,3487,3834
Indian Institute of Technology Roorkee,"Geophysical Technology (5 Years, Integrated Master of Technology)",OBC-NCL,Female-only (including Supernumerary),8044,8416
Indian Institute of Technology Roorkee,"Mathematics & Computing (5 Years, Bachelor of Science and Master of Science (Dual Degree))",OBC-NCL,Gender-Neutral,511,857
Indian Institute of Technology Roorkee,"Mathematics & Computing (5 Years, Bachelor of Science and Master of Science (Dual Degree))",OBC-NCL,Female-only (including Supernumerary),2178,2529
Indian Institute of Technology Roorkee,"Mechanical Engineering (4 Years, Bachelor of Technology)",OBC-NCL,Gender-Neutral,1097,1784
Indian Institute of Technology Roorkee,"Mechanical Engineering (4 Years, Bachelor of Technology)",OBC-NCL,Female-only (including Supernumerary),3784,5050
Indian Institute of Technology Roorkee,"Metallurgical and Materials Engineering (4 Years, Bachelor of Technology)",OBC-NCL,Gender-Neutral,2849,3349
Indian Institute of Technology Roorkee,"Metallurgical and Materials Engineering (4 Years, Bachelor of Technology)",OBC-NCL,Female-only (including Supernumerary),7420,7844
Indian Institute of Technology Roorkee,"Physics (5 Years, Bachelor of Science and Master of Science (Dual Degree))",OBC-NCL,Gender-Neutral,2560,4243
Indian Institute of Technology Roorkee,"Physics (5 Years, Bachelor of Science and Master of Science (Dual Degree))",OBC-NCL,Female-only (including Supernumerary),8317,8466
Indian Institute of Technology Roorkee,"Production and Industrial Engineering (4 Years, Bachelor of Technology)",OBC-NCL,Gender-Neutral,2540,2936
Indian Institute of Technology Roorkee,"Production and Industrial Engineering (4 Years, Bachelor of Technology)",OBC-NCL,Female-only (including Supernumerary),5993,6543
Indian Institute of Technology (ISM) Dhanbad,"Applied Geology (5 Years, Integrated Master of Technology)",OBC-NCL,Gender-Neutral,3996,5756
Indian Institute of Technology (ISM) Dhanbad,"Applied Geophysics (5 Years, Integrated Master of Technology)",OBC-NCL,Gender-Neutral,5779,5890
Indian Institute of Technology (ISM) Dhanbad,"Chemical Engineering (4 Years, Bachelor of Technology)",OBC-NCL,Gender-Neutral,3961,4316
Indian Institute of Technology (ISM) Dhanbad,"Chemical Engineering (4 Years, Bachelor of Technology)",OBC-NCL,Female-only (including Supernumerary),7539,8205
Indian Institute of Technology (ISM) Dhanbad,"Civil Engineering (4 Years, Bachelor of Technology)",OBC-NCL,Gender-Neutral,3690,4547
Indian Institute of Technology (ISM) Dhanbad,"Civil Engineering (4 Years, Bachelor of Technology)",OBC-NCL,Female-only (including Supernumerary),7843,8938
Indian Institute of Technology (ISM) Dhanbad,"Computer Science and Engineering (4 Years, Bachelor of Technology)",OBC-NCL,Gender-Neutral,758,1273
Indian Institute of Technology (ISM) Dhanbad,"Computer Science and Engineering (4 Years, Bachelor of Technology)",OBC-NCL,Female-only (including Supernumerary),1892,3220
Indian Institute of Technology (ISM) Dhanbad,"Electrical Engineering (4 Years, Bachelor of Technology)",OBC-NCL,Gender-Neutral,2127,2752
Indian Institute of Technology (ISM) Dhanbad,"Electrical Engineering (4 Years, Bachelor of Technology)",OBC-NCL,Female-only (including Supernumerary),4661,6161
Indian Institute of Technology (ISM) Dhanbad,"Electronics and Communication Engineering (4 Years, Bachelor of Technology)",OBC-NCL,Gender-Neutral,1257,2102
Indian Institute of Technology (ISM) Dhanbad,"Electronics and Communication Engineering (4 Years, Bachelor of Technology)",OBC-NCL,Female-only (including Supernumerary),3161,4377
Indian Institute of Technology (ISM) Dhanbad,"Engineering Physics (4 Years, Bachelor of Technology)",OBC-NCL,Gender-Neutral,4049,4206
Indian Institute of Technology (ISM) Dhanbad,"Engineering Physics (4 Years, Bachelor of Technology)",OBC-NCL,Female-only (including Supernumerary),8343,9217
Indian Institute of Technology (ISM) Dhanbad,"Environmental Engineering (4 Years, Bachelor of Technology)",OBC-NCL,Gender-Neutral,3755,5681
Indian Institute of Technology (ISM) Dhanbad,"Mathematics and Computing (4 Years, Bachelor of Technology)",OBC-NCL,Gender-Neutral,1280,1663
Indian Institute of Technology (ISM) Dhanbad,"Mathematics and Computing (4 Years, Bachelor of Technology)",OBC-NCL,Female-only (including Supernumerary),3565,4170
Indian Institute of Technology (ISM) Dhanbad,"Mechanical Engineering (4 Years, Bachelor of Technology)",OBC-NCL,Gender-Neutral,3021,3698
Indian Institute of Technology (ISM) Dhanbad,"Mechanical Engineering (4 Years, Bachelor of Technology)",OBC-NCL,Female-only (including Supernumerary),6948,7762
Indian Institute of Technology (ISM) Dhanbad,"Mineral and Metallurgical Engineering (4 Years, Bachelor of Technology)",OBC-NCL,Gender-Neutral,4736,5445
Indian Institute of Technology (ISM) Dhanbad,"Mining Engineering (4 Years, Bachelor of Technology)",OBC-NCL,Gender-Neutral,4352,5446
Indian Institute of Technology (ISM) Dhanbad,"Mining Engineering (4 Years, Bachelor of Technology)",OBC-NCL,Female-only (including Supernumerary),8429,9262
Indian Institute of Technology (ISM) Dhanbad,"Mining Machinery Engineering (4 Years, Bachelor of Technology)",OBC-NCL,Gender-Neutral,4644,5717
Indian Institute of Technology (ISM) Dhanbad,"Petroleum Engineering (4 Years, Bachelor of Technology)",OBC-NCL,Gender-Neutral,3586,4582
Indian Institute of Technology (ISM) Dhanbad,"Petroleum Engineering (4 Years, Bachelor of Technology)",OBC-NCL,Female-only (including Supernumerary),7219,8736
Indian Institute of Technology Ropar,"Artificial Intelligence and Data Engineering (4 Years, Bachelor of Technology)",OBC-NCL,Gender-Neutral,1116,1308
Indian Institute of Technology Ropar,"Artificial Intelligence and Data Engineering (4 Years, Bachelor of Technology)",OBC-NCL,Female-only (including Supernumerary),3785,3785
Indian Institute of Technology Ropar,"Chemical Engineering (4 Years, Bachelor of Technology)",OBC-NCL,Gender-Neutral,3836,4203
Indian Institute of Technology Ropar,"Chemical Engineering (4 Years, Bachelor of Technology)",OBC-NCL,Female-only (including Supernumerary),8316,8382
Indian Institute of Technology Ropar,"Civil Engineering (4 Years, Bachelor of Technology)",OBC-NCL,Gender-Neutral,4186,4371
Indian Institute of Technology Ropar,"Civil Engineering (4 Years, Bachelor of Technology)",OBC-NCL,Female-only (including Supernumerary),8232,8904
Indian Institute of Technology Ropar,"Computer Science and Engineering (4 Years, Bachelor of Technology)",OBC-NCL,Gender-Neutral,450,1084
Indian Institute of Technology Ropar,"Computer Science and Engineering (4 Years, Bachelor of Technology)",OBC-NCL,Female-only (including Supernumerary),1492,2227
Indian Institute of Technology Ropar,"Electrical Engineering (4 Years, Bachelor of Technology)",OBC-NCL,Gender-Neutral,1936,2590
Indian Institute of Technology Ropar,"Electrical Engineering (4 Years, Bachelor of Technology)",OBC-NCL,Female-only (including Supernumerary),4632,6437
Indian Institute of Technology Ropar,"Engineering Physics (4 Years, Bachelor of Technology)",OBC-NCL,Gender-Neutral,3886,4310
Indian Institute of Technology Ropar,"Engineering Physics (4 Years, Bachelor of Technology)",OBC-NCL,Female-only (including Supernumerary),9270,9270
Indian Institute of Technology Ropar,"Mathematics and Computing (4 Years, Bachelor of Technology)",OBC-NCL,Gender-Neutral,1267,1724
Indian Institute of Technology Ropar,"Mathematics and Computing (4 Years, Bachelor of Technology)",OBC-NCL,Female-only (including Supernumerary),2514,2514
Indian Institute of Technology Ropar,"Mechanical Engineering (4 Years, Bachelor of Technology)",OBC-NCL,Gender-Neutral,3113,3810
Indian Institute of Technology Ropar,"Mechanical Engineering (4 Years, Bachelor of Technology)",OBC-NCL,Female-only (including Supernumerary),7008,8395
Indian Institute of Technology Ropar,"Metallurgical and Materials Engineering (4 Years, Bachelor of Technology)",OBC-NCL,Gender-Neutral,4611,4968
Indian Institute of Technology Ropar,"Metallurgical and Materials Engineering (4 Years, Bachelor of Technology)",OBC-NCL,Female-only (including Supernumerary),8970,9018
Indian Institute of Technology (BHU) Varanasi,"Architecture (5 Years, Bachelor of Architecture)",OBC-NCL,Gender-Neutral,7644,8177
Indian Institute of Technology (BHU) Varanasi,"Biochemical Engineering with M.Tech. in Biochemical Engineering and Biotechnology (5 Years, Bachelor and Master of Technology (Dual Degree))",OBC-NCL,Gender-Neutral,5377,5680
Indian Institute of Technology (BHU) Varanasi,"Bioengineering with M.Tech in Biomedical Technology (5 Years, Bachelor and Master of Technology (Dual Degree))",OBC-NCL,Gender-Neutral,4763,5361
Indian Institute of Technology (BHU) Varanasi,"Bioengineering with M.Tech in Biomedical Technology (5 Years, Bachelor and Master of Technology (Dual Degree))",OBC-NCL,Female-only (including Supernumerary),8573,8573
Indian Institute of Technology (BHU) Varanasi,"Ceramic Engineering (4 Years, Bachelor of Technology)",OBC-NCL,Gender-Neutral,3543,4895
Indian Institute of Technology (BHU) Varanasi,"Ceramic Engineering (5 Years, Bachelor and Master of Technology (Dual Degree))",OBC-NCL,Gender-Neutral,4991,5501
Indian Institute of Technology (BHU) Varanasi,"Chemical Engineering (4 Years, Bachelor of Technology)",OBC-NCL,Gender-Neutral,2957,3404
Indian Institute of Technology (BHU) Varanasi,"Chemical Engineering (4 Years, Bachelor of Technology)",OBC-NCL,Female-only (including Supernumerary),6033,7414
Indian Institute of Technology (BHU) Varanasi,"Civil Engineering (4 Years, Bachelor of Technology)",OBC-NCL,Gender-Neutral,3186,3819
Indian Institute of Technology (BHU) Varanasi,"Civil Engineering (4 Years, Bachelor of Technology)",OBC-NCL,Female-only (including Supernumerary),7465,8011
Indian Institute of Technology (BHU) Varanasi,"Civil Engineering (5 Years, Bachelor and Master of Technology (Dual Degree))",OBC-NCL,Gender-Neutral,3545,4123
Indian Institute of Technology (BHU) Varanasi,"Civil Engineering (5 Years, Bachelor and Master of Technology (Dual Degree))",OBC-NCL,Female-only (including Supernumerary),7141,8759
Indian Institute of Technology (BHU) Varanasi,"Computer Science and Engineering (4 Years, Bachelor of Technology)",OBC-NCL,Gender-Neutral,226,524
Indian Institute of Technology (BHU) Varanasi,"Computer Science and Engineering (4 Years, Bachelor of Technology)",OBC-NCL,Female-only (including Supernumerary),880,1592
Indian Institute of Technology (BHU) Varanasi,"Computer Science and Engineering (5 Years, Bachelor and Master of Technology (Dual Degree))",OBC-NCL,Gender-Neutral,553,727
Indian Institute of Technology (BHU) Varanasi,"Computer Science and Engineering (5 Years, Bachelor and Master of Technology (Dual Degree))",OBC-NCL,Female-only (including Supernumerary),2055,2237
Indian Institute of Technology (BHU) Varanasi,"Electrical Engineering (4 Years, Bachelor of Technology)",OBC-NCL,Gender-Neutral,1107,1544
Indian Institute of Technology (BHU) Varanasi,"Electrical Engineering (4 Years, Bachelor of Technology)",OBC-NCL,Female-only (including Supernumerary),3285,4181
Indian Institute of Technology (BHU) Varanasi,"Electrical Engineering with M.Tech. in Power Electronics (5 Years, Bachelor and Master of Technology (Dual Degree))",OBC-NCL,Gender-Neutral,1607,1896
Indian Institute of Technology (BHU) Varanasi,"Electrical Engineering with M.Tech. in Power Electronics (5 Years, Bachelor and Master of Technology (Dual Degree))",OBC-NCL,Female-only (including Supernumerary),4355,4433
Indian Institute of Technology (BHU) Varanasi,"Electronics Engineering (4 Years, Bachelor of Technology)",OBC-NCL,Gender-Neutral,1027,1351
Indian Institute of Technology (BHU) Varanasi,"Electronics Engineering (4 Years, Bachelor of Technology)",OBC-NCL,Female-only (including Supernumerary),2395,3268
Indian Institute of Technology (BHU) Varanasi,"Engineering Physics (5 Years, Bachelor and Master of Technology (Dual Degree))",OBC-NCL,Gender-Neutral,3447,3874
Indian Institute of Technology (BHU) Varanasi,"Engineering Physics (5 Years, Bachelor and Master of Technology (Dual Degree))",OBC-NCL,Female-only (including Supernumerary),8040,8040
Indian Institute of Technology (BHU) Varanasi,"Industrial Chemistry (5 Years, Bachelor and Master of Technology (Dual Degree))",OBC-NCL,Gender-Neutral,4645,5474
Indian Institute of Technology (BHU) Varanasi,"Industrial Chemistry (5 Years, Bachelor and Master of Technology (Dual Degree))",OBC-NCL,Female-only (including Supernumerary),8455,8455
Indian Institute of Technology (BHU) Varanasi,"Materials Science and Technology (5 Years, Bachelor and Master of Technology (Dual Degree))",OBC-NCL,Gender-Neutral,4849,5324
Indian Institute of Technology (BHU) Varanasi,"Mathematics and Computing (5 Years, Bachelor and Master of Technology (Dual Degree))",OBC-NCL,Gender-Neutral,780,1028
Indian Institute of Technology (BHU) Varanasi,"Mathematics and Computing (5 Years, Bachelor and Master of Technology (Dual Degree))",OBC-NCL,Female-only (including Supernumerary),2578,2726
Indian Institute of Technology (BHU) Varanasi,"Mechanical Engineering (4 Years, Bachelor of Technology)",OBC-NCL,Gender-Neutral,2060,2829
Indian Institute of Technology (BHU) Varanasi,"Mechanical Engineering (4 Years, Bachelor of Technology)",OBC-NCL,Female-only (including Supernumerary),5585,6731
Indian Institute of Technology (BHU) Varanasi,"Mechanical Engineering (5 Years, Bachelor and Master of Technology (Dual Degree))",OBC-NCL,Gender-Neutral,2746,3138
Indian Institute of Technology (BHU) Varanasi,"Mechanical Engineering (5 Years, Bachelor and Master of Technology (Dual Degree))",OBC-NCL,Female-only (including Supernumerary),6603,6772
Indian Institute of Technology (BHU) Varanasi,"Metallurgical Engineering (4 Years, Bachelor of Technology)",OBC-NCL,Gender-Neutral,3739,4494
Indian Institute of Technology (BHU) Varanasi,"Metallurgical Engineering (4 Years, Bachelor of Technology)",OBC-NCL,Female-only (including Supernumerary),8302,8551
Indian Institute of Technology (BHU) Varanasi,"Metallurgical Engineering (5 Years, Bachelor and Master of Technology (Dual Degree))",OBC-NCL,Gender-Neutral,4471,4945
Indian Institute of Technology (BHU) Varanasi,"Metallurgical Engineering (5 Years, Bachelor and Master of Technology (Dual Degree))",OBC-NCL,Female-only (including Supernumerary),9190,9190
Indian Institute of Technology (BHU) Varanasi,"Mining Engineering (4 Years, Bachelor of Technology)",OBC-NCL,Gender-Neutral,4081,4990
Indian Institute of Technology (BHU) Varanasi,"Mining Engineering (4 Years, Bachelor of Technology)",OBC-NCL,Female-only (including Supernumerary),8101,9144
Indian Institute of Technology (BHU) Varanasi,"Mining Engineering (5 Years, Bachelor and Master of Technology (Dual Degree))",OBC-NCL,Gender-Neutral,5004,5454
Indian Institute of Technology (BHU) Varanasi,"Pharmaceutical Engineering & Technology (4 Years, Bachelor of Technology)",OBC-NCL,Gender-Neutral,4175,5464
Indian Institute of Technology (BHU) Varanasi,"Pharmaceutical Engineering & Technology (4 Years, Bachelor of Technology)",OBC-NCL,Female-only (including Supernumerary),8658,9257
Indian Institute of Technology (BHU) Varanasi,"Pharmaceutical Engineering & Technology (5 Years, Bachelor and Master of Technology (Dual Degree))",OBC-NCL,Gender-Neutral,5488,5622
Indian Institute of Technology Guwahati,"Biosciences and Bioengineering (4 Years, Bachelor of Technology)",OBC-NCL,Gender-Neutral,3576,4051
Indian Institute of Technology Guwahati,"Biosciences and Bioengineering (4 Years, Bachelor of Technology)",OBC-NCL,Female-only (including Supernumerary),7828,8486
Indian Institute of Technology Guwahati,"Chemical Engineering (4 Years, Bachelor of Technology)",OBC-NCL,Gender-Neutral,2413,2630
Indian Institute of Technology Guwahati,"Chemical Engineering (4 Years, Bachelor of Technology)",OBC-NCL,Female-only (including Supernumerary),5621,6011
Indian Institute of Technology Guwahati,"Chemical Science and Technology (4 Years, Bachelor of Technology)",OBC-NCL,Gender-Neutral,2271,3307
Indian Institute of Technology Guwahati,"Chemical Science and Technology (4 Years, Bachelor of Technology)",OBC-NCL,Female-only (including Supernumerary),6121,6918
Indian Institute of Technology Guwahati,"Civil Engineering (4 Years, Bachelor of Technology)",OBC-NCL,Gender-Neutral,2946,3258
Indian Institute of Technology Guwahati,"Civil Engineering (4 Years, Bachelor of Technology)",OBC-NCL,Female-only (including Supernumerary),6204,7488
Indian Institute of Technology Guwahati,"Computer Science and Engineering (4 Years, Bachelor of Technology)",OBC-NCL,Gender-Neutral,212,364
Indian Institute of Technology Guwahati,"Computer Science and Engineering (4 Years, Bachelor of Technology)",OBC-NCL,Female-only (including Supernumerary),862,950
Indian Institute of Technology Guwahati,"Data Science and Artificial Intelligence (4 Years, Bachelor of Technology)",OBC-NCL,Gender-Neutral,360,479
Indian Institute of Technology Guwahati,"Data Science and Artificial Intelligence (4 Years, Bachelor of Technology)",OBC-NCL,Female-only (including Supernumerary),1151,1186
Indian Institute of Technology Guwahati,"Electronics and Communication Engineering (4 Years, Bachelor of Technology)",OBC-NCL,Gender-Neutral,682,869
Indian Institute of Technology Guwahati,"Electronics and Communication Engineering (4 Years, Bachelor of Technology)",OBC-NCL,Female-only (including Supernumerary),2114,2462
Indian Institute of Technology Guwahati,"Electronics and Electrical Engineering (4 Years, Bachelor of Technology)",OBC-NCL,Gender-Neutral,926,1040
Indian Institute of Technology Guwahati,"Electronics and Electrical Engineering (4 Years, Bachelor of Technology)",OBC-NCL,Female-only (including Supernumerary),2364,3045
Indian Institute of Technology Guwahati,"Energy Engineering (4 Years, Bachelor of Technology)",OBC-NCL,Gender-Neutral,2328,2802
Indian Institute of Technology Guwahati,"Energy Engineering (4 Years, Bachelor of Technology)",OBC-NCL,Female-only (including Supernumerary),6588,6588
Indian Institute of Technology Guwahati,"Engineering Physics (4 Years, Bachelor of Technology)",OBC-NCL,Gender-Neutral,2648,3222
Indian Institute of Technology Guwahati,"Engineering Physics (4 Years, Bachelor of Technology)",OBC-NCL,Female-only (including Supernumerary),4962,7221
Indian Institute of Technology Guwahati,"Mathematics and Computing (4 Years, Bachelor of Technology)",OBC-NCL,Gender-Neutral,372,614
Indian Institute of Technology Guwahati,"Mathematics and Computing (4 Years, Bachelor of Technology)",OBC-NCL,Female-only (including Supernumerary),1179,1649
Indian Institute of Technology Guwahati,"Mechanical Engineering (4 Years, Bachelor of Technology)",OBC-NCL,Gender-Neutral,1778,2139
Indian Institute of Technology Guwahati,"Mechanical Engineering (4 Years, Bachelor of Technology)",OBC-NCL,Female-only (including Supernumerary),4122,5376
Indian Institute of Technology Bhilai,"Computer Science and Engineering (4 Years, Bachelor of Technology)",OBC-NCL,Gender-Neutral,2173,2470
Indian Institute of Technology Bhilai,"Computer Science and Engineering (4 Years, Bachelor of Technology)",OBC-NCL,Female-only (including Supernumerary),3453,5333
Indian Institute of Technology Bhilai,"Data Science and Artificial Intelligence (4 Years, Bachelor of Technology)",OBC-NCL,Gender-Neutral,2482,2811
Indian Institute of Technology Bhilai,"Data Science and Artificial Intelligence (4 Years, Bachelor of Technology)",OBC-NCL,Female-only (including Supernumerary),5797,5994
Indian Institute of Technology Bhilai,"Electrical Engineering (4 Years, Bachelor of Technology)",OBC-NCL,Gender-Neutral,3003,3999
Indian Institute of Technology Bhilai,"Electrical Engineering (4 Years, Bachelor of Technology)",OBC-NCL,Female-only (including Supernumerary),7109,8020
Indian Institute of Technology Bhilai,"Electronics and Communication Engineering (4 Years, Bachelor of Technology)",OBC-NCL,Gender-Neutral,2982,3539
Indian Institute of Technology Bhilai,"Electronics and Communication Engineering (4 Years, Bachelor of Technology)",OBC-NCL,Female-only (including Supernumerary),6070,7148
Indian Institute of Technology Bhilai,"Materials Science and Metallurgical Engineering (4 Years, Bachelor of Technology)",OBC-NCL,Gender-Neutral,5647,5810
Indian Institute of Technology Bhilai,"Mechanical Engineering (4 Years, Bachelor of Technology)",OBC-NCL,Gender-Neutral,4449,4803
Indian Institute of Technology Bhilai,"Mechanical Engineering (4 Years, Bachelor of Technology)",OBC-NCL,Female-only (including Supernumerary),8617,8930
Indian Institute of Technology Bhilai,"Mechatronics Engineering (4 Years, Bachelor of Technology)",OBC-NCL,Gender-Neutral,3016,4511
Indian Institute of Technology Bhilai,"Mechatronics Engineering (4 Years, Bachelor of Technology)",OBC-NCL,Female-only (including Supernumerary),7479,7479
Indian Institute of Technology Goa,"Computer Science and Engineering (4 Years, Bachelor of Technology)",OBC-NCL,Gender-Neutral,1756,2002
Indian Institute of Technology Goa,"Computer Science and Engineering (4 Years, Bachelor of Technology)",OBC-NCL,Female-only (including Supernumerary),4318,5336
Indian Institute of Technology Goa,"Electrical Engineering (4 Years, Bachelor of Technology)",OBC-NCL,Gender-Neutral,2992,3573
Indian Institute of Technology Goa,"Electrical Engineering (4 Years, Bachelor of Technology)",OBC-NCL,Female-only (including Supernumerary),7365,7435
Indian Institute of Technology Goa,"Mathematics and Computing (4 Years, Bachelor of Technology)",OBC-NCL,Gender-Neutral,2103,2593
Indian Institute of Technology Goa,"Mathematics and Computing (4 Years, Bachelor of Technology)",OBC-NCL,Female-only (including Supernumerary),5327,5977
Indian Institute of Technology Goa,"Mechanical Engineering (4 Years, Bachelor of Technology)",OBC-NCL,Gender-Neutral,4133,4696
Indian Institute of Technology Goa,"Mechanical Engineering (4 Years, Bachelor of Technology)",OBC-NCL,Female-only (including Supernumerary),9232,9256
Indian Institute of Technology Palakkad,"Civil Engineering (4 Years, Bachelor of Technology)",OBC-NCL,Gender-Neutral,4276,5565
Indian Institute of Technology Palakkad,"Civil Engineering (4 Years, Bachelor of Technology)",OBC-NCL,Female-only (including Supernumerary),9281,9281
Indian Institute of Technology Palakkad,"Computer Science and Engineering (4 Years, Bachelor of Technology)",OBC-NCL,Gender-Neutral,1567,2069
Indian Institute of Technology Palakkad,"Computer Science and Engineering (4 Years, Bachelor of Technology)",OBC-NCL,Female-only (including Supernumerary),3591,3962
Indian Institute of Technology Palakkad,"Data Science and Engineering (4 Years, Bachelor of Technology)",OBC-NCL,Gender-Neutral,2412,2788
Indian Institute of Technology Palakkad,"Data Science and Engineering (4 Years, Bachelor of Technology)",OBC-NCL,Female-only (including Supernumerary),4822,5639
Indian Institute of Technology Palakkad,"Electrical Engineering (4 Years, Bachelor of Technology)",OBC-NCL,Gender-Neutral,3180,3764
Indian Institute of Technology Palakkad,"Electrical Engineering (4 Years, Bachelor of Technology)",OBC-NCL,Female-only (including Supernumerary),6969,7181
Indian Institute of Technology Palakkad,"Mechanical Engineering (4 Years, Bachelor of Technology)",OBC-NCL,Gender-Neutral,3458,4625
Indian Institute of Technology Palakkad,"Mechanical Engineering (4 Years, Bachelor of Technology)",OBC-NCL,Female-only (including Supernumerary),7669,8130
Indian Institute of Technology Tirupati,"Chemical Engineering (4 Years, Bachelor of Technology)",OBC-NCL,Gender-Neutral,4996,5277
Indian Institute of Technology Tirupati,"Chemical Engineering (4 Years, Bachelor of Technology)",OBC-NCL,Female-only (including Supernumerary),6944,8251
Indian Institute of Technology Tirupati,"Civil Engineering (4 Years, Bachelor of Technology)",OBC-NCL,Gender-Neutral,4477,5432
Indian Institute of Technology Tirupati,"Civil Engineering (4 Years, Bachelor of Technology)",OBC-NCL,Female-only (including Supernumerary),7602,8332
Indian Institute of Technology Tirupati,"Computer Science and Engineering (4 Years, Bachelor of Technology)",OBC-NCL,Gender-Neutral,1242,1727
Indian Institute of Technology Tirupati,"Computer Science and Engineering (4 Years, Bachelor of Technology)",OBC-NCL,Female-only (including Supernumerary),2907,3342
Indian Institute of Technology Tirupati,"Electrical Engineering (4 Years, Bachelor of Technology)",OBC-NCL,Gender-Neutral,2177,3389
Indian Institute of Technology Tirupati,"Electrical Engineering (4 Years, Bachelor of Technology)",OBC-NCL,Female-only (including Supernumerary),4823,6912
Indian Institute of Technology Tirupati,"Engineering Physics (4 Years, Bachelor of Technology)",OBC-NCL,Gender-Neutral,4535,4808
Indian Institute of Technology Tirupati,"Engineering Physics (4 Years, Bachelor of Technology)",OBC-NCL,Female-only (including Supernumerary),9033,9033
Indian Institute of Technology Tirupati,"Mechanical Engineering (4 Years, Bachelor of Technology)",OBC-NCL,Gender-Neutral,3807,4295
Indian Institute of Technology Tirupati,"Mechanical Engineering (4 Years, Bachelor of Technology)",OBC-NCL,Female-only (including Supernumerary),7373,7833
Indian Institute of Technology Jammu,"Chemical Engineering (4 Years, Bachelor of Technology)",OBC-NCL,Gender-Neutral,5259,5802
Indian Institute of Technology Jammu,"Civil Engineering (4 Years, Bachelor of Technology)",OBC-NCL,Gender-Neutral,5386,5807
Indian Institute of Technology Jammu,"Computer Science and Engineering (4 Years, Bachelor of Technology)",OBC-NCL,Gender-Neutral,1584,2341
Indian Institute of Technology Jammu,"Computer Science and Engineering (4 Years, Bachelor of Technology)",OBC-NCL,Female-only (including Supernumerary),5389,6685
Indian Institute of Technology Jammu,"Electrical Engineering (4 Years, Bachelor of Technology)",OBC-NCL,Gender-Neutral,3333,4237
Indian Institute of Technology Jammu,"Electrical Engineering (4 Years, Bachelor of Technology)",OBC-NCL,Female-only (including Supernumerary),7429,7775
Indian Institute of Technology Jammu,"Materials Engineering (4 Years, Bachelor of Technology)",OBC-NCL,Gender-Neutral,5856,6032
Indian Institute of Technology Jammu,"Mathematics and Computing (4 Years, Bachelor of Technology)",OBC-NCL,Gender-Neutral,2610,3141
Indian Institute of Technology Jammu,"Mathematics and Computing (4 Years, Bachelor of Technology)",OBC-NCL,Female-only (including Supernumerary),7179,7240
Indian Institute of Technology Jammu,"Mechanical Engineering (4 Years, Bachelor of Technology)",OBC-NCL,Gender-Neutral,4518,5048
Indian Institute of Technology Dharwad,"Chemical and Biochemical Engineering (4 Years, Bachelor of Technology)",OBC-NCL,Gender-Neutral,5243,5830
Indian Institute of Technology Dharwad,"Civil and Infrastructure Engineering (4 Years, Bachelor of Technology)",OBC-NCL,Gender-Neutral,5268,5549
Indian Institute of Technology Dharwad,"Computer Science and Engineering (4 Years, Bachelor of Technology)",OBC-NCL,Gender-Neutral,1732,2225
Indian Institute of Technology Dharwad,"Computer Science and Engineering (4 Years, Bachelor of Technology)",OBC-NCL,Female-only (including Supernumerary),4785,5409
Indian Institute of Technology Dharwad,"Electrical and Electronics Engineering (4 Years, Bachelor of Technology)",OBC-NCL,Gender-Neutral,3470,3823
Indian Institute of Technology Dharwad,"Electrical and Electronics Engineering (4 Years, Bachelor of Technology)",OBC-NCL,Female-only (including Supernumerary),7268,7297
Indian Institute of Technology Dharwad,"Electronics and Communication Engineering (4 Years, Bachelor of Technology)",OBC-NCL,Gender-Neutral,2762,3368
Indian Institute of Technology Dharwad,"Electronics and Communication Engineering (4 Years, Bachelor of Technology)",OBC-NCL,Female-only (including Supernumerary),5820,6982
Indian Institute of Technology Dharwad,"Engineering Physics (4 Years, Bachelor of Technology)",OBC-NCL,Gender-Neutral,5100,5258
Indian Institute of Technology Dharwad,"Interdisciplinary Sciences (5 Years, Bachelor of Science and Master of Science (Dual Degree))",OBC-NCL,Gender-Neutral,5925,6185
Indian Institute of Technology Dharwad,"Mathematics and Computing (4 Years, Bachelor of Technology)",OBC-NCL,Gender-Neutral,2613,2819
Indian Institute of Technology Dharwad,"Mathematics and Computing (4 Years, Bachelor of Technology)",OBC-NCL,Female-only (including Supernumerary),6616,6867
Indian Institute of Technology Dharwad,"Mechanical Engineering (4 Years, Bachelor of Technology)",OBC-NCL,Gender-Neutral,4218,5082
Indian Institute of Technology Dharwad,"Mechanical Engineering (4 Years, Bachelor of Technology)",OBC-NCL,Female-only (including Supernumerary),7628,9014
