Institute,Academic Program Name,Quota,Seat Type,Gender,Opening Rank
"Dr. B R Ambedkar National Institute of Technology, Jalandhar","Bio Technology (4 Years, Bachelor of Technology)",OS,SC,Gender-Neutral,7472
"Dr. B R Ambedkar National Institute of Technology, Jalandhar","Bio Technology (4 Years, Bachelor of Technology)",OS,SC,Female-only (including Supernumerary),9772
"Dr. B R Ambedkar National Institute of Technology, Jalandhar","Chemical Engineering (4 Years, Bachelor of Technology)",OS,SC,Gender-Neutral,5270
"Dr. B R Ambedkar National Institute of Technology, Jalandhar","Chemical Engineering (4 Years, Bachelor of Technology)",OS,SC,Female-only (including Supernumerary),7303
"Dr. B R Ambedkar National Institute of Technology, Jalandhar","Civil Engineering (4 Years, Bachelor of Technology)",OS,SC,Gender-Neutral,4999
"Dr. B R Ambedkar National Institute of Technology, Jalandhar","Civil Engineering (4 Years, Bachelor of Technology)",OS,SC,Female-only (including Supernumerary),7576
"Dr. B R Ambedkar National Institute of Technology, Jalandhar","Computer Science and Engineering (4 Years, Bachelor of Technology)",OS,SC,Gender-Neutral,1461
"Dr. B R Ambedkar National Institute of Technology, Jalandhar","Computer Science and Engineering (4 Years, Bachelor of Technology)",OS,SC,Female-only (including Supernumerary),2606
"Dr. B R Ambedkar National Institute of Technology, Jalandhar","Data Science and Engineering (4 Years, Bachelor of Technology)",OS,SC,Gender-Neutral,2501
"Dr. B R Ambedkar National Institute of Technology, Jalandhar","Data Science and Engineering (4 Years, Bachelor of Technology)",OS,SC,Female-only (including Supernumerary),4676
"Dr. B R Ambedkar National Institute of Technology, Jalandhar","Electrical Engineering (4 Years, Bachelor of Technology)",OS,SC,Gender-Neutral,3909
"Dr. B R Ambedkar National Institute of Technology, Jalandhar","Electrical Engineering (4 Years, Bachelor of Technology)",OS,SC,Female-only (including Supernumerary),5036
"Dr. B R Ambedkar National Institute of Technology, Jalandhar","Electronics and Communication Engineering (4 Years, Bachelor of Technology)",OS,SC,Gender-Neutral,3120
"Dr. B R Ambedkar National Institute of Technology, Jalandhar","Electronics and Communication Engineering (4 Years, Bachelor of Technology)",OS,SC,Female-only (including Supernumerary),4615
"Dr. B R Ambedkar National Institute of Technology, Jalandhar","Electronics and VLSI Engineering (4 Years, Bachelor of Technology)",OS,SC,Gender-Neutral,3928
"Dr. B R Ambedkar National Institute of Technology, Jalandhar","Electronics and VLSI Engineering (4 Years, Bachelor of Technology)",OS,SC,Female-only (including Supernumerary),5579
"Dr. B R Ambedkar National Institute of Technology, Jalandhar","Industrial and Production Engineering (4 Years, Bachelor of Technology)",OS,SC,Gender-Neutral,6956
"Dr. B R Ambedkar National Institute of Technology, Jalandhar","Industrial and Production Engineering (4 Years, Bachelor of Technology)",OS,SC,Female-only (including Supernumerary),10263
"Dr. B R Ambedkar National Institute of Technology, Jalandhar","Information Technology (4 Years, Bachelor of Technology)",OS,SC,Gender-Neutral,2805
"Dr. B R Ambedkar National Institute of Technology, Jalandhar","Information Technology (4 Years, Bachelor of Technology)",OS,SC,Female-only (including Supernumerary),3427
"Dr. B R Ambedkar National Institute of Technology, Jalandhar","Instrumentation and Control Engineering (4 Years, Bachelor of Technology)",OS,SC,Gender-Neutral,4708
"Dr. B R Ambedkar National Institute of Technology, Jalandhar","Instrumentation and Control Engineering (4 Years, Bachelor of Technology)",OS,SC,Female-only (including Supernumerary),5683
"Dr. B R Ambedkar National Institute of Technology, Jalandhar","Mathematics and Computing (4 Years, Bachelor of Technology)",OS,SC,Gender-Neutral,2982
"Dr. B R Ambedkar National Institute of Technology, Jalandhar","Mathematics and Computing (4 Years, Bachelor of Technology)",OS,SC,Female-only (including Supernumerary),4855
"Dr. B R Ambedkar National Institute of Technology, Jalandhar","Mechanical Engineering (4 Years, Bachelor of Technology)",OS,SC,Gender-Neutral,5017
"Dr. B R Ambedkar National Institute of Technology, Jalandhar","Mechanical Engineering (4 Years, Bachelor of Technology)",OS,SC,Female-only (including Supernumerary),8464
"Dr. B R Ambedkar National Institute of Technology, Jalandhar","Textile Technology (4 Years, Bachelor of Technology)",OS,SC,Gender-Neutral,7929
"Dr. B R Ambedkar National Institute of Technology, Jalandhar","Textile Technology (4 Years, Bachelor of Technology)",OS,SC,Female-only (including Supernumerary),10819
Malaviya National Institute of Technology Jaipur,"Architecture (5 Years, Bachelor of Architecture)",OS,SC,Gender-Neutral,159
Malaviya National Institute of Technology Jaipur,"Architecture (5 Years, Bachelor of Architecture)",OS,SC,Female-only (including Supernumerary),143
Malaviya National Institute of Technology Jaipur,"Artificial Intelligence and Data Engineering (4 Years, Bachelor of Technology)",OS,SC,Gender-Neutral,1275
Malaviya National Institute of Technology Jaipur,"Artificial Intelligence and Data Engineering (4 Years, Bachelor of Technology)",OS,SC,Female-only (including Supernumerary),3122
Malaviya National Institute of Technology Jaipur,"Chemical Engineering (4 Years, Bachelor of Technology)",OS,SC,Gender-Neutral,4408
Malaviya National Institute of Technology Jaipur,"Chemical Engineering (4 Years, Bachelor of Technology)",OS,SC,Female-only (including Supernumerary),4796
Malaviya National Institute of Technology Jaipur,"Civil Engineering (4 Years, Bachelor of Technology)",OS,SC,Gender-Neutral,1196
Malaviya National Institute of Technology Jaipur,"Civil Engineering (4 Years, Bachelor of Technology)",OS,SC,Female-only (including Supernumerary),6992
Malaviya National Institute of Technology Jaipur,"Computer Science and Engineering (4 Years, Bachelor of Technology)",OS,SC,Gender-Neutral,557
Malaviya National Institute of Technology Jaipur,"Computer Science and Engineering (4 Years, Bachelor of Technology)",OS,SC,Female-only (including Supernumerary),1315
Malaviya National Institute of Technology Jaipur,"Electrical Engineering (4 Years, Bachelor of Technology)",OS,SC,Gender-Neutral,2527
Malaviya National Institute of Technology Jaipur,"Electrical Engineering (4 Years, Bachelor of Technology)",OS,SC,Female-only (including Supernumerary),4310
Malaviya National Institute of Technology Jaipur,"Electronics and Communication Engineering (4 Years, Bachelor of Technology)",OS,SC,Gender-Neutral,2071
Malaviya National Institute of Technology Jaipur,"Electronics and Communication Engineering (4 Years, Bachelor of Technology)",OS,SC,Female-only (including Supernumerary),3182
Malaviya National Institute of Technology Jaipur,"Mechanical Engineering (4 Years, Bachelor of Technology)",OS,SC,Gender-Neutral,3432
Malaviya National Institute of Technology Jaipur,"Mechanical Engineering (4 Years, Bachelor of Technology)",OS,SC,Female-only (including Supernumerary),6372
Malaviya National Institute of Technology Jaipur,"Metallurgical and Materials Engineering (4 Years, Bachelor of Technology)",OS,SC,Gender-Neutral,6206
Malaviya National Institute of Technology Jaipur,"Metallurgical and Materials Engineering (4 Years, Bachelor of Technology)",OS,SC,Female-only (including Supernumerary),8536
Maulana Azad National Institute of Technology Bhopal,"Architecture (5 Years, Bachelor of Architecture)",OS,SC,Gender-Neutral,123
Maulana Azad National Institute of Technology Bhopal,"Architecture (5 Years, Bachelor of Architecture)",OS,SC,Female-only (including Supernumerary),378
Maulana Azad National Institute of Technology Bhopal,"Chemical Engineering (4 Years, Bachelor of Technology)",OS,SC,Gender-Neutral,6121
Maulana Azad National Institute of Technology Bhopal,"Chemical Engineering (4 Years, Bachelor of Technology)",OS,SC,Female-only (including Supernumerary),8374
Maulana Azad National Institute of Technology Bhopal,"Civil Engineering (4 Years, Bachelor of Technology)",OS,SC,Gender-Neutral,5301
Maulana Azad National Institute of Technology Bhopal,"Civil Engineering (4 Years, Bachelor of Technology)",OS,SC,Female-only (including Supernumerary),9368
Maulana Azad National Institute of Technology Bhopal,"Computer Science and Engineering (4 Years, Bachelor of Technology)",OS,SC,Gender-Neutral,1244
Maulana Azad National Institute of Technology Bhopal,"Computer Science and Engineering (4 Years, Bachelor of Technology)",OS,SC,Female-only (including Supernumerary),2737
Maulana Azad National Institute of Technology Bhopal,"Electrical Engineering (4 Years, Bachelor of Technology)",OS,SC,Gender-Neutral,2961
Maulana Azad National Institute of Technology Bhopal,"Electrical Engineering (4 Years, Bachelor of Technology)",OS,SC,Female-only (including Supernumerary),4619
Maulana Azad National Institute of Technology Bhopal,"Electronics and Communication Engineering (4 Years, Bachelor of Technology)",OS,SC,Gender-Neutral,2535
Maulana Azad National Institute of Technology Bhopal,"Electronics and Communication Engineering (4 Years, Bachelor of Technology)",OS,SC,Female-only (including Supernumerary),4070
Maulana Azad National Institute of Technology Bhopal,"Materials Science and Metallurgical Engineering (4 Years, Bachelor of Technology)",OS,SC,Gender-Neutral,7000
Maulana Azad National Institute of Technology Bhopal,"Materials Science and Metallurgical Engineering (4 Years, Bachelor of Technology)",OS,SC,Female-only (including Supernumerary),8278
Maulana Azad National Institute of Technology Bhopal,"Mathematics and Data Science (5 Years, Bachelor and Master of Technology (Dual Degree))",OS,SC,Gender-Neutral,3521
Maulana Azad National Institute of Technology Bhopal,"Mathematics and Data Science (5 Years, Bachelor and Master of Technology (Dual Degree))",OS,SC,Female-only (including Supernumerary),5794
Maulana Azad National Institute of Technology Bhopal,"Mechanical Engineering (4 Years, Bachelor of Technology)",OS,SC,Gender-Neutral,4906
Maulana Azad National Institute of Technology Bhopal,"Mechanical Engineering (4 Years, Bachelor of Technology)",OS,SC,Female-only (including Supernumerary),7422
Maulana Azad National Institute of Technology Bhopal,"Planning (4 Years, Bachelor of Planning)",OS,SC,Gender-Neutral,94
Maulana Azad National Institute of Technology Bhopal,"Planning (4 Years, Bachelor of Planning)",OS,SC,Female-only (including Supernumerary),280
Motilal Nehru National Institute of Technology Allahabad,"Bio Technology (4 Years, Bachelor of Technology)",OS,SC,Gender-Neutral,7112
Motilal Nehru National Institute of Technology Allahabad,"Bio Technology (4 Years, Bachelor of Technology)",OS,SC,Female-only (including Supernumerary),8654
Motilal Nehru National Institute of Technology Allahabad,"Chemical Engineering (4 Years, Bachelor of Technology)",OS,SC,Gender-Neutral,4254
Motilal Nehru National Institute of Technology Allahabad,"Chemical Engineering (4 Years, Bachelor of Technology)",OS,SC,Female-only (including Supernumerary),4654
Motilal Nehru National Institute of Technology Allahabad,"Civil Engineering (4 Years, Bachelor of Technology)",OS,SC,Gender-Neutral,4590
Motilal Nehru National Institute of Technology Allahabad,"Civil Engineering (4 Years, Bachelor of Technology)",OS,SC,Female-only (including Supernumerary),6075
Motilal Nehru National Institute of Technology Allahabad,"Computer Science and Engineering (4 Years, Bachelor of Technology)",OS,SC,Gender-Neutral,173
Motilal Nehru National Institute of Technology Allahabad,"Computer Science and Engineering (4 Years, Bachelor of Technology)",OS,SC,Female-only (including Supernumerary),942
Motilal Nehru National Institute of Technology Allahabad,"Electrical Engineering (4 Years, Bachelor of Technology)",OS,SC,Gender-Neutral,2148
Motilal Nehru National Institute of Technology Allahabad,"Electrical Engineering (4 Years, Bachelor of Technology)",OS,SC,Female-only (including Supernumerary),4803
Motilal Nehru National Institute of Technology Allahabad,"Electronics and Communication Engineering (4 Years, Bachelor of Technology)",OS,SC,Gender-Neutral,1321
Motilal Nehru National Institute of Technology Allahabad,"Electronics and Communication Engineering (4 Years, Bachelor of Technology)",OS,SC,Female-only (including Supernumerary),2365
Motilal Nehru National Institute of Technology Allahabad,"Engineering and Computational Mechanics (4 Years, Bachelor of Technology)",OS,SC,Gender-Neutral,2879
Motilal Nehru National Institute of Technology Allahabad,"Engineering and Computational Mechanics (4 Years, Bachelor of Technology)",OS,SC,Female-only (including Supernumerary),5623
Motilal Nehru National Institute of Technology Allahabad,"Materials Engineering (4 Years, Bachelor of Technology)",OS,SC,Gender-Neutral,5366
Motilal Nehru National Institute of Technology Allahabad,"Materials Engineering (4 Years, Bachelor of Technology)",OS,SC,Female-only (including Supernumerary),9817
Motilal Nehru National Institute of Technology Allahabad,"Mechanical Engineering (4 Years, Bachelor of Technology)",OS,SC,Gender-Neutral,3566
Motilal Nehru National Institute of Technology Allahabad,"Mechanical Engineering (4 Years, Bachelor of Technology)",OS,SC,Female-only (including Supernumerary),5887
Motilal Nehru National Institute of Technology Allahabad,"Production and Industrial Engineering (4 Years, Bachelor of Technology)",OS,SC,Gender-Neutral,5737
Motilal Nehru National Institute of Technology Allahabad,"Production and Industrial Engineering (4 Years, Bachelor of Technology)",OS,SC,Female-only (including Supernumerary),9814
National Institute of Technology Agartala,"Biotechnology and Biochemical Engineering (4 Years, Bachelor of Technology)",OS,SC,Gender-Neutral,7903
National Institute of Technology Agartala,"Biotechnology and Biochemical Engineering (4 Years, Bachelor of Technology)",OS,SC,Female-only (including Supernumerary),12234
National Institute of Technology Agartala,"Chemical Engineering (4 Years, Bachelor of Technology)",OS,SC,Gender-Neutral,7195
National Institute of Technology Agartala,"Chemical Engineering (4 Years, Bachelor of Technology)",OS,SC,Female-only (including Supernumerary),10661
National Institute of Technology Agartala,"Chemistry (5 Years, Bachelor of Science and Master of Science (Dual Degree))",OS,SC,Gender-Neutral,9573
National Institute of Technology Agartala,"Civil Engineering (4 Years, Bachelor of Technology)",OS,SC,Gender-Neutral,7730
National Institute of Technology Agartala,"Civil Engineering (4 Years, Bachelor of Technology)",OS,SC,Female-only (including Supernumerary),11300
National Institute of Technology Agartala,"Computational Mathematics (5 Years, Bachelor and Master of Technology (Dual Degree))",OS,SC,Gender-Neutral,5013
National Institute of Technology Agartala,"Computer Science and Engineering (4 Years, Bachelor of Technology)",OS,SC,Gender-Neutral,2461
National Institute of Technology Agartala,"Computer Science and Engineering (4 Years, Bachelor of Technology)",OS,SC,Female-only (including Supernumerary),4935
National Institute of Technology Agartala,"Electrical Engineering (4 Years, Bachelor of Technology)",OS,SC,Gender-Neutral,5431
National Institute of Technology Agartala,"Electrical Engineering (4 Years, Bachelor of Technology)",OS,SC,Female-only (including Supernumerary),8287
National Institute of Technology Agartala,"Electronics and Communication Engineering (4 Years, Bachelor of Technology)",OS,SC,Gender-Neutral,3784
National Institute of Technology Agartala,"Electronics and Communication Engineering (4 Years, Bachelor of Technology)",OS,SC,Female-only (including Supernumerary),6370
National Institute of Technology Agartala,"Electronics and Instrumentation Engineering (4 Years, Bachelor of Technology)",OS,SC,Gender-Neutral,5414
National Institute of Technology Agartala,"Electronics and Instrumentation Engineering (4 Years, Bachelor of Technology)",OS,SC,Female-only (including Supernumerary),9526
National Institute of Technology Agartala,"Engineering Physics (5 Years, Bachelor and Master of Technology (Dual Degree))",OS,SC,Gender-Neutral,7485
National Institute of Technology Agartala,"Mathematics & Computing (5 Years, Bachelor of Science and Master of Science (Dual Degree))",OS,SC,Gender-Neutral,6072
National Institute of Technology Agartala,"Mechanical Engineering (4 Years, Bachelor of Technology)",OS,SC,Gender-Neutral,6404
National Institute of Technology Agartala,"Mechanical Engineering (4 Years, Bachelor of Technology)",OS,SC,Female-only (including Supernumerary),11044
National Institute of Technology Agartala,"Physics (5 Years, Bachelor of Science and Master of Science (Dual Degree))",OS,SC,Gender-Neutral,9053
National Institute of Technology Agartala,"Production Engineering (4 Years, Bachelor of Technology)",OS,SC,Gender-Neutral,8204
National Institute of Technology Agartala,"Production Engineering (4 Years, Bachelor of Technology)",OS,SC,Female-only (including Supernumerary),11860
National Institute of Technology Calicut,"Architecture (5 Years, Bachelor of Architecture)",OS,SC,Gender-Neutral,86
National Institute of Technology Calicut,"Architecture (5 Years, Bachelor of Architecture)",OS,SC,Female-only (including Supernumerary),52
National Institute of Technology Calicut,"Bio Technology (4 Years, Bachelor of Technology)",OS,SC,Gender-Neutral,4956
National Institute of Technology Calicut,"Bio Technology (4 Years, Bachelor of Technology)",OS,SC,Female-only (including Supernumerary),8909
National Institute of Technology Calicut,"Chemical Engineering (4 Years, Bachelor of Technology)",OS,SC,Gender-Neutral,3732
National Institute of Technology Calicut,"Chemical Engineering (4 Years, Bachelor of Technology)",OS,SC,Female-only (including Supernumerary),6099
National Institute of Technology Calicut,"Civil Engineering (4 Years, Bachelor of Technology)",OS,SC,Gender-Neutral,4832
National Institute of Technology Calicut,"Civil Engineering (4 Years, Bachelor of Technology)",OS,SC,Female-only (including Supernumerary),6352
National Institute of Technology Calicut,"Computer Science and Engineering (4 Years, Bachelor of Technology)",OS,SC,Gender-Neutral,482
National Institute of Technology Calicut,"Computer Science and Engineering (4 Years, Bachelor of Technology)",OS,SC,Female-only (including Supernumerary),1084
National Institute of Technology Calicut,"Electrical and Electronics Engineering (4 Years, Bachelor of Technology)",OS,SC,Gender-Neutral,1837
National Institute of Technology Calicut,"Electrical and Electronics Engineering (4 Years, Bachelor of Technology)",OS,SC,Female-only (including Supernumerary),2512
National Institute of Technology Calicut,"Electronics and Communication Engineering (4 Years, Bachelor of Technology)",OS,SC,Gender-Neutral,1009
National Institute of Technology Calicut,"Electronics and Communication Engineering (4 Years, Bachelor of Technology)",OS,SC,Female-only (including Supernumerary),2631
National Institute of Technology Calicut,"Engineering Physics (4 Years, Bachelor of Technology)",OS,SC,Gender-Neutral,3752
National Institute of Technology Calicut,"Materials Science and Engineering (4 Years, Bachelor of Technology)",OS,SC,Gender-Neutral,6324
National Institute of Technology Calicut,"Mechanical Engineering (4 Years, Bachelor of Technology)",OS,SC,Gender-Neutral,3436
National Institute of Technology Calicut,"Mechanical Engineering (4 Years, Bachelor of Technology)",OS,SC,Female-only (including Supernumerary),6362
National Institute of Technology Calicut,"Production Engineering (4 Years, Bachelor of Technology)",OS,SC,Gender-Neutral,5488
National Institute of Technology Calicut,"Production Engineering (4 Years, Bachelor of Technology)",OS,SC,Female-only (including Supernumerary),8081
National Institute of Technology Delhi,"Aerospace Engineering (4 Years, Bachelor of Technology)",OS,SC,Gender-Neutral,2236
National Institute of Technology Delhi,"Artificial Intelligence and Data Science (4 Years, Bachelor of Technology)",OS,SC,Gender-Neutral,1172
National Institute of Technology Delhi,"Civil Engineering (4 Years, Bachelor of Technology)",OS,SC,Gender-Neutral,3317
National Institute of Technology Delhi,"Computer Science and Engineering (4 Years, Bachelor of Technology)",OS,SC,Gender-Neutral,681
National Institute of Technology Delhi,"Computer Science and Engineering (4 Years, Bachelor of Technology)",OS,SC,Female-only (including Supernumerary),2305
National Institute of Technology Delhi,"Electrical Engineering (4 Years, Bachelor of Technology)",OS,SC,Gender-Neutral,2114
National Institute of Technology Delhi,"Electrical Engineering (4 Years, Bachelor of Technology)",OS,SC,Female-only (including Supernumerary),4063
National Institute of Technology Delhi,"Electronics and Communication Engineering (4 Years, Bachelor of Technology)",OS,SC,Gender-Neutral,2168
National Institute of Technology Delhi,"Electronics and Communication Engineering (4 Years, Bachelor of Technology)",OS,SC,Female-only (including Supernumerary),1752
National Institute of Technology Delhi,"Mechanical Engineering (4 Years, Bachelor of Technology)",OS,SC,Gender-Neutral,2369
National Institute of Technology Delhi,"Mechanical Engineering (4 Years, Bachelor of Technology)",OS,SC,Female-only (including Supernumerary),6847
National Institute of Technology Delhi,"VLSI Design and Technology (4 Years, Bachelor of Technology)",OS,SC,Gender-Neutral,3799
National Institute of Technology Durgapur,"B.Tech in Mathematics and Computing (4 Years, Bachelor of Technology)",OS,SC,Gender-Neutral,2191
National Institute of Technology Durgapur,"Bio Technology (4 Years, Bachelor of Technology)",OS,SC,Gender-Neutral,4583
National Institute of Technology Durgapur,"Bio Technology (4 Years, Bachelor of Technology)",OS,SC,Female-only (including Supernumerary),9530
National Institute of Technology Durgapur,"Chemical Engineering (4 Years, Bachelor of Technology)",OS,SC,Gender-Neutral,6037
National Institute of Technology Durgapur,"Chemical Engineering (4 Years, Bachelor of Technology)",OS,SC,Female-only (including Supernumerary),7267
National Institute of Technology Durgapur,"Chemistry (5 Years, Integrated Master of Science)",OS,SC,Gender-Neutral,9454
National Institute of Technology Durgapur,"Civil Engineering (4 Years, Bachelor of Technology)",OS,SC,Gender-Neutral,4276
National Institute of Technology Durgapur,"Civil Engineering (4 Years, Bachelor of Technology)",OS,SC,Female-only (including Supernumerary),8736
National Institute of Technology Durgapur,"Computer Science and Engineering (4 Years, Bachelor of Technology)",OS,SC,Gender-Neutral,1449
National Institute of Technology Durgapur,"Computer Science and Engineering (4 Years, Bachelor of Technology)",OS,SC,Female-only (including Supernumerary),1334
National Institute of Technology Durgapur,"Electrical Engineering (4 Years, Bachelor of Technology)",OS,SC,Gender-Neutral,3207
National Institute of Technology Durgapur,"Electrical Engineering (4 Years, Bachelor of Technology)",OS,SC,Female-only (including Supernumerary),5518
National Institute of Technology Durgapur,"Electronics and Communication Engineering (4 Years, Bachelor of Technology)",OS,SC,Gender-Neutral,2052
National Institute of Technology Durgapur,"Electronics and Communication Engineering (4 Years, Bachelor of Technology)",OS,SC,Female-only (including Supernumerary),4032
National Institute of Technology Durgapur,"Mechanical Engineering (4 Years, Bachelor of Technology)",OS,SC,Gender-Neutral,4568
National Institute of Technology Durgapur,"Mechanical Engineering (4 Years, Bachelor of Technology)",OS,SC,Female-only (including Supernumerary),7434
National Institute of Technology Durgapur,"Metallurgical and Materials Engineering (4 Years, Bachelor of Technology)",OS,SC,Gender-Neutral,7072
National Institute of Technology Durgapur,"Metallurgical and Materials Engineering (4 Years, Bachelor of Technology)",OS,SC,Female-only (including Supernumerary),7234
National Institute of Technology Goa,"Civil Engineering (4 Years, Bachelor of Technology)",OS,SC,Gender-Neutral,3758
National Institute of Technology Goa,"Civil Engineering (4 Years, Bachelor of Technology)",OS,SC,Female-only (including Supernumerary),8058
National Institute of Technology Goa,"Computer Science and Engineering (4 Years, Bachelor of Technology)",OS,SC,Gender-Neutral,2234
National Institute of Technology Goa,"Computer Science and Engineering (4 Years, Bachelor of Technology)",OS,SC,Female-only (including Supernumerary),3243
National Institute of Technology Goa,"Electrical and Electronics Engineering (4 Years, Bachelor of Technology)",OS,SC,Gender-Neutral,4164
National Institute of Technology Goa,"Electrical and Electronics Engineering (4 Years, Bachelor of Technology)",OS,SC,Female-only (including Supernumerary),6334
National Institute of Technology Goa,"Electronics and Communication Engineering (4 Years, Bachelor of Technology)",OS,SC,Gender-Neutral,3332
National Institute of Technology Goa,"Electronics and Communication Engineering (4 Years, Bachelor of Technology)",OS,SC,Female-only (including Supernumerary),5823
National Institute of Technology Goa,"Mechanical Engineering (4 Years, Bachelor of Technology)",OS,SC,Gender-Neutral,5009
National Institute of Technology Hamirpur,"Architecture (5 Years, Bachelor of Architecture)",OS,SC,Gender-Neutral,212
National Institute of Technology Hamirpur,"Architecture (5 Years, Bachelor of Architecture)",OS,SC,Female-only (including Supernumerary),167
National Institute of Technology Hamirpur,"Chemical Engineering (4 Years, Bachelor of Technology)",OS,SC,Gender-Neutral,5392
National Institute of Technology Hamirpur,"Chemical Engineering (4 Years, Bachelor of Technology)",OS,SC,Female-only (including Supernumerary),7505
National Institute of Technology Hamirpur,"Civil Engineering (4 Years, Bachelor of Technology)",OS,SC,Gender-Neutral,6040
National Institute of Technology Hamirpur,"Civil Engineering (4 Years, Bachelor of Technology)",OS,SC,Female-only (including Supernumerary),7205
National Institute of Technology Hamirpur,"Computer Science and Engineering (4 Years, Bachelor of Technology)",OS,SC,Gender-Neutral,2311
National Institute of Technology Hamirpur,"Computer Science and Engineering (4 Years, Bachelor of Technology)",OS,SC,Female-only (including Supernumerary),3882
National Institute of Technology Hamirpur,"Computer Science and Engineering (5 Years, Bachelor and Master of Technology (Dual Degree))",OS,SC,Gender-Neutral,3037
National Institute of Technology Hamirpur,"Electrical Engineering (4 Years, Bachelor of Technology)",OS,SC,Gender-Neutral,4018
National Institute of Technology Hamirpur,"Electrical Engineering (4 Years, Bachelor of Technology)",OS,SC,Female-only (including Supernumerary),7291
National Institute of Technology Hamirpur,"Electronics and Communication Engineering (4 Years, Bachelor of Technology)",OS,SC,Gender-Neutral,3098
National Institute of Technology Hamirpur,"Electronics and Communication Engineering (4 Years, Bachelor of Technology)",OS,SC,Female-only (including Supernumerary),5147
National Institute of Technology Hamirpur,"Electronics and Communication Engineering (5 Years, Bachelor and Master of Technology (Dual Degree))",OS,SC,Gender-Neutral,4553
National Institute of Technology Hamirpur,"Electronics and Communication Engineering (5 Years, Bachelor and Master of Technology (Dual Degree))",OS,SC,Female-only (including Supernumerary),7393
National Institute of Technology Hamirpur,"Engineering Physics (4 Years, Bachelor of Technology)",OS,SC,Gender-Neutral,4508
National Institute of Technology Hamirpur,"Engineering Physics (4 Years, Bachelor of Technology)",OS,SC,Female-only (including Supernumerary),9741
National Institute of Technology Hamirpur,"Materials Science and Engineering (4 Years, Bachelor of Technology)",OS,SC,Gender-Neutral,7673
National Institute of Technology Hamirpur,"Materials Science and Engineering (4 Years, Bachelor of Technology)",OS,SC,Female-only (including Supernumerary),10675
National Institute of Technology Hamirpur,"Mathematics and Computing (4 Years, Bachelor of Technology)",OS,SC,Gender-Neutral,1973
National Institute of Technology Hamirpur,"Mechanical Engineering (4 Years, Bachelor of Technology)",OS,SC,Gender-Neutral,5896
National Institute of Technology Hamirpur,"Mechanical Engineering (4 Years, Bachelor of Technology)",OS,SC,Female-only (including Supernumerary),9296
"National Institute of Technology Karnataka, Surathkal","Artificial Intelligence (4 Years, Bachelor of Technology)",OS,SC,Gender-Neutral,348
"National Institute of Technology Karnataka, Surathkal","Artificial Intelligence (4 Years, Bachelor of Technology)",OS,SC,Female-only (including Supernumerary),774
"National Institute of Technology Karnataka, Surathkal","Chemical Engineering (4 Years, Bachelor of Technology)",OS,SC,Gender-Neutral,2271
"National Institute of Technology Karnataka, Surathkal","Chemical Engineering (4 Years, Bachelor of Technology)",OS,SC,Female-only (including Supernumerary),4926
"National Institute of Technology Karnataka, Surathkal","Civil Engineering (4 Years, Bachelor of Technology)",OS,SC,Gender-Neutral,3291
"National Institute of Technology Karnataka, Surathkal","Civil Engineering (4 Years, Bachelor of Technology)",OS,SC,Female-only (including Supernumerary),5709
"National Institute of Technology Karnataka, Surathkal","Computational and Data Science (4 Years, Bachelor of Technology)",OS,SC,Gender-Neutral,970
"National Institute of Technology Karnataka, Surathkal","Computer Science and Engineering (4 Years, Bachelor of Technology)",OS,SC,Gender-Neutral,225
"National Institute of Technology Karnataka, Surathkal","Computer Science and Engineering (4 Years, Bachelor of Technology)",OS,SC,Female-only (including Supernumerary),542
"National Institute of Technology Karnataka, Surathkal","Electrical and Electronics Engineering (4 Years, Bachelor of Technology)",OS,SC,Gender-Neutral,384
"National Institute of Technology Karnataka, Surathkal","Electrical and Electronics Engineering (4 Years, Bachelor of Technology)",OS,SC,Female-only (including Supernumerary),1910
"National Institute of Technology Karnataka, Surathkal","Electronics and Communication Engineering (4 Years, Bachelor of Technology)",OS,SC,Gender-Neutral,667
"National Institute of Technology Karnataka, Surathkal","Electronics and Communication Engineering (4 Years, Bachelor of Technology)",OS,SC,Female-only (including Supernumerary),1580
"National Institute of Technology Karnataka, Surathkal","Information Technology (4 Years, Bachelor of Technology)",OS,SC,Gender-Neutral,639
"National Institute of Technology Karnataka, Surathkal","Information Technology (4 Years, Bachelor of Technology)",OS,SC,Female-only (including Supernumerary),877
"National Institute of Technology Karnataka, Surathkal","Mechanical Engineering (4 Years, Bachelor of Technology)",OS,SC,Gender-Neutral,566
"National Institute of Technology Karnataka, Surathkal","Mechanical Engineering (4 Years, Bachelor of Technology)",OS,SC,Female-only (including Supernumerary),4513
"National Institute of Technology Karnataka, Surathkal","Metallurgical and Materials Engineering (4 Years, Bachelor of Technology)",OS,SC,Gender-Neutral,4966
"National Institute of Technology Karnataka, Surathkal","Metallurgical and Materials Engineering (4 Years, Bachelor of Technology)",OS,SC,Female-only (including Supernumerary),5721
"National Institute of Technology Karnataka, Surathkal","Mining Engineering (4 Years, Bachelor of Technology)",OS,SC,Gender-Neutral,5051
"National Institute of Technology Karnataka, Surathkal","Mining Engineering (4 Years, Bachelor of Technology)",OS,SC,Female-only (including Supernumerary),6118
National Institute of Technology Meghalaya,"Civil Engineering (4 Years, Bachelor of Technology)",OS,SC,Gender-Neutral,7619
National Institute of Technology Meghalaya,"Computer Science and Engineering (4 Years, Bachelor of Technology)",OS,SC,Gender-Neutral,3059
National Institute of Technology Meghalaya,"Computer Science and Engineering (4 Years, Bachelor of Technology)",OS,SC,Female-only (including Supernumerary),5288
National Institute of Technology Meghalaya,"Electrical and Electronics Engineering (4 Years, Bachelor of Technology)",OS,SC,Gender-Neutral,7111
National Institute of Technology Meghalaya,"Electronics and Communication Engineering (4 Years, Bachelor of Technology)",OS,SC,Gender-Neutral,4878
National Institute of Technology Meghalaya,"Electronics and Communication Engineering (4 Years, Bachelor of Technology)",OS,SC,Female-only (including Supernumerary),6961
National Institute of Technology Meghalaya,"Mechanical Engineering (4 Years, Bachelor of Technology)",OS,SC,Gender-Neutral,7521
National Institute of Technology Meghalaya,"Mechanical Engineering (4 Years, Bachelor of Technology)",OS,SC,Female-only (including Supernumerary),11251
National Institute of Technology Nagaland,"Civil Engineering (4 Years, Bachelor of Technology)",OS,SC,Gender-Neutral,8435
National Institute of Technology Nagaland,"Civil Engineering (4 Years, Bachelor of Technology)",OS,SC,Female-only (including Supernumerary),11364
National Institute of Technology Nagaland,"Computer Science and Engineering (4 Years, Bachelor of Technology)",OS,SC,Gender-Neutral,4460
National Institute of Technology Nagaland,"Electrical and Electronics Engineering (4 Years, Bachelor of Technology)",OS,SC,Gender-Neutral,6738
National Institute of Technology Nagaland,"Electrical and Electronics Engineering (4 Years, Bachelor of Technology)",OS,SC,Female-only (including Supernumerary),9576
National Institute of Technology Nagaland,"Electronics and Communication Engineering (4 Years, Bachelor of Technology)",OS,SC,Gender-Neutral,6353
National Institute of Technology Nagaland,"Electronics and Instrumentation Engineering (4 Years, Bachelor of Technology)",OS,SC,Gender-Neutral,7728
National Institute of Technology Nagaland,"Mechanical Engineering (4 Years, Bachelor of Technology)",OS,SC,Gender-Neutral,6658
National Institute of Technology Patna,"Architecture (5 Years, Bachelor of Architecture)",OS,SC,Gender-Neutral,138
National Institute of Technology Patna,"Architecture (5 Years, Bachelor of Architecture)",OS,SC,Female-only (including Supernumerary),336
National Institute of Technology Patna,"Civil Engineering (4 Years, Bachelor of Technology)",OS,SC,Gender-Neutral,6090
National Institute of Technology Patna,"Civil Engineering (4 Years, Bachelor of Technology)",OS,SC,Female-only (including Supernumerary),9430
National Institute of Technology Patna,"Civil Engineering with Specialization in Construction Technology and Management (5 Years, Bachelor and Master of Technology (Dual Degree))",OS,SC,Gender-Neutral,7321
National Institute of Technology Patna,"Computer Science and Engineering (4 Years, Bachelor of Technology)",OS,SC,Gender-Neutral,2357
National Institute of Technology Patna,"Computer Science and Engineering (4 Years, Bachelor of Technology)",OS,SC,Female-only (including Supernumerary),2147
National Institute of Technology Patna,"Computer Science and Engineering with Specialization in Cyber Security (5 Years, Bachelor and Master of Technology (Dual Degree))",OS,SC,Gender-Neutral,3626
National Institute of Technology Patna,"Computer Science and Engineering with Specialization in Data Science (5 Years, Bachelor and Master of Technology (Dual Degree))",OS,SC,Gender-Neutral,2766
National Institute of Technology Patna,"Electrical Engineering (4 Years, Bachelor of Technology)",OS,SC,Gender-Neutral,4791
National Institute of Technology Patna,"Electrical Engineering (4 Years, Bachelor of Technology)",OS,SC,Female-only (including Supernumerary),7217
National Institute of Technology Patna,"Electrical Engineering with Specialization In Power System Engineering (5 Years, Bachelor and Master of Technology (Dual Degree))",OS,SC,Gender-Neutral,5378
National Institute of Technology Patna,"Electronics and Communication Engineering (4 Years, Bachelor of Technology)",OS,SC,Gender-Neutral,3415
National Institute of Technology Patna,"Electronics and Communication Engineering (4 Years, Bachelor of Technology)",OS,SC,Female-only (including Supernumerary),5228
National Institute of Technology Patna,"Electronics and Communication Engineering with Specialization in Microelectronics and VLSI System Design (5 Years, Bachelor and Master of Technology (Dual Degree))",OS,SC,Gender-Neutral,4542
National Institute of Technology Patna,"Mechanical Engineering (4 Years, Bachelor of Technology)",OS,SC,Gender-Neutral,5948
National Institute of Technology Patna,"Mechanical Engineering (4 Years, Bachelor of Technology)",OS,SC,Female-only (including Supernumerary),8906
National Institute of Technology Patna,"Mechanical Engineering with Specialization in Manufacturing and Industrial Engineering (5 Years, Bachelor and Master of Technology (Dual Degree))",OS,SC,Gender-Neutral,6805
National Institute of Technology Patna,"Mechatronics and Automation Engineering (4 Years, Bachelor of Technology)",OS,SC,Gender-Neutral,5183
National Institute of Technology Patna,"Mechatronics and Automation Engineering (4 Years, Bachelor of Technology)",OS,SC,Female-only (including Supernumerary),8820
National Institute of Technology Puducherry,"Civil Engineering (4 Years, Bachelor of Technology)",OS,SC,Gender-Neutral,6029
National Institute of Technology Puducherry,"Civil Engineering (4 Years, Bachelor of Technology)",OS,SC,Female-only (including Supernumerary),7476
National Institute of Technology Puducherry,"Computer Science and Engineering (4 Years, Bachelor of Technology)",OS,SC,Gender-Neutral,1551
National Institute of Technology Puducherry,"Computer Science and Engineering (4 Years, Bachelor of Technology)",OS,SC,Female-only (including Supernumerary),3782
National Institute of Technology Puducherry,"Electrical and Electronics Engineering (4 Years, Bachelor of Technology)",OS,SC,Gender-Neutral,5216
National Institute of Technology Puducherry,"Electrical and Electronics Engineering (4 Years, Bachelor of Technology)",OS,SC,Female-only (including Supernumerary),2681
National Institute of Technology Puducherry,"Electronics and Communication Engineering (4 Years, Bachelor of Technology)",OS,SC,Gender-Neutral,4577
National Institute of Technology Puducherry,"Electronics and Communication Engineering (4 Years, Bachelor of Technology)",OS,SC,Female-only (including Supernumerary),3837
National Institute of Technology Puducherry,"Mechanical Engineering (4 Years, Bachelor of Technology)",OS,SC,Gender-Neutral,5853
National Institute of Technology Raipur,"Architecture (5 Years, Bachelor of Architecture)",OS,SC,Gender-Neutral,310
National Institute of Technology Raipur,"Architecture (5 Years, Bachelor of Architecture)",OS,SC,Female-only (including Supernumerary),416
National Institute of Technology Raipur,"Bio Medical Engineering (4 Years, Bachelor of Technology)",OS,SC,Gender-Neutral,7779
National Institute of Technology Raipur,"Bio Medical Engineering (4 Years, Bachelor of Technology)",OS,SC,Female-only (including Supernumerary),10322
National Institute of Technology Raipur,"Bio Technology (4 Years, Bachelor of Technology)",OS,SC,Gender-Neutral,7520
National Institute of Technology Raipur,"Bio Technology (4 Years, Bachelor of Technology)",OS,SC,Female-only (including Supernumerary),8796
National Institute of Technology Raipur,"Chemical Engineering (4 Years, Bachelor of Technology)",OS,SC,Gender-Neutral,6938
National Institute of Technology Raipur,"Chemical Engineering (4 Years, Bachelor of Technology)",OS,SC,Female-only (including Supernumerary),8443
National Institute of Technology Raipur,"Civil Engineering (4 Years, Bachelor of Technology)",OS,SC,Gender-Neutral,6412
National Institute of Technology Raipur,"Civil Engineering (4 Years, Bachelor of Technology)",OS,SC,Female-only (including Supernumerary),9993
National Institute of Technology Raipur,"Computer Science and Engineering (4 Years, Bachelor of Technology)",OS,SC,Gender-Neutral,2278
National Institute of Technology Raipur,"Computer Science and Engineering (4 Years, Bachelor of Technology)",OS,SC,Female-only (including Supernumerary),3036
National Institute of Technology Raipur,"Electrical Engineering (4 Years, Bachelor of Technology)",OS,SC,Gender-Neutral,3582
National Institute of Technology Raipur,"Electrical Engineering (4 Years, Bachelor of Technology)",OS,SC,Female-only (including Supernumerary),7473
National Institute of Technology Raipur,"Electronics and Communication Engineering (4 Years, Bachelor of Technology)",OS,SC,Gender-Neutral,4066
National Institute of Technology Raipur,"Electronics and Communication Engineering (4 Years, Bachelor of Technology)",OS,SC,Female-only (including Supernumerary),5428
National Institute of Technology Raipur,"Information Technology (4 Years, Bachelor of Technology)",OS,SC,Gender-Neutral,3136
National Institute of Technology Raipur,"Information Technology (4 Years, Bachelor of Technology)",OS,SC,Female-only (including Supernumerary),4165
National Institute of Technology Raipur,"Mechanical Engineering (4 Years, Bachelor of Technology)",OS,SC,Gender-Neutral,6401
National Institute of Technology Raipur,"Mechanical Engineering (4 Years, Bachelor of Technology)",OS,SC,Female-only (including Supernumerary),8373
National Institute of Technology Raipur,"Metallurgical and Materials Engineering (4 Years, Bachelor of Technology)",OS,SC,Gender-Neutral,7686
National Institute of Technology Raipur,"Metallurgical and Materials Engineering (4 Years, Bachelor of Technology)",OS,SC,Female-only (including Supernumerary),10292
National Institute of Technology Raipur,"Mining Engineering (4 Years, Bachelor of Technology)",OS,SC,Gender-Neutral,6247
National Institute of Technology Raipur,"Mining Engineering (4 Years, Bachelor of Technology)",OS,SC,Female-only (including Supernumerary),11591
National Institute of Technology Sikkim,"Artificial Intelligence and Machine Learning (4 Years, Bachelor of Technology)",OS,SC,Gender-Neutral,2843
National Institute of Technology Sikkim,"Artificial Intelligence and Machine Learning (4 Years, Bachelor of Technology)",OS,SC,Female-only (including Supernumerary),6483
National Institute of Technology Sikkim,"Civil Engineering (4 Years, Bachelor of Technology)",OS,SC,Gender-Neutral,8011
National Institute of Technology Sikkim,"Civil Engineering (4 Years, Bachelor of Technology)",OS,SC,Female-only (including Supernumerary),11614
National Institute of Technology Sikkim,"Computer Science and Engineering (4 Years, Bachelor of Technology)",OS,SC,Gender-Neutral,3458
National Institute of Technology Sikkim,"Computer Science and Engineering (4 Years, Bachelor of Technology)",OS,SC,Female-only (including Supernumerary),5977
National Institute of Technology Sikkim,"Electrical and Electronics Engineering (4 Years, Bachelor of Technology)",OS,SC,Gender-Neutral,5979
National Institute of Technology Sikkim,"Electrical and Electronics Engineering (4 Years, Bachelor of Technology)",OS,SC,Female-only (including Supernumerary),9132
National Institute of Technology Sikkim,"Electronics and Communication Engineering (4 Years, Bachelor of Technology)",OS,SC,Gender-Neutral,5244
National Institute of Technology Sikkim,"Electronics and Communication Engineering (4 Years, Bachelor of Technology)",OS,SC,Female-only (including Supernumerary),8495
National Institute of Technology Sikkim,"Mechanical Engineering (4 Years, Bachelor of Technology)",OS,SC,Gender-Neutral,7347
National Institute of Technology Arunachal Pradesh,"Civil Engineering (4 Years, Bachelor of Technology)",OS,SC,Gender-Neutral,8389
National Institute of Technology Arunachal Pradesh,"Computer Science and Engineering (4 Years, Bachelor of Technology)",OS,SC,Gender-Neutral,4295
National Institute of Technology Arunachal Pradesh,"Electrical Engineering (4 Years, Bachelor of Technology)",OS,SC,Gender-Neutral,6456
National Institute of Technology Arunachal Pradesh,"Electronics and Communication Engineering (4 Years, Bachelor of Technology)",OS,SC,Gender-Neutral,5980
National Institute of Technology Arunachal Pradesh,"Mechanical Engineering (4 Years, Bachelor of Technology)",OS,SC,Gender-Neutral,7631
"National Institute of Technology, Jamshedpur","Civil Engineering (4 Years, Bachelor of Technology)",OS,SC,Gender-Neutral,5622
"National Institute of Technology, Jamshedpur","Civil Engineering (4 Years, Bachelor of Technology)",OS,SC,Female-only (including Supernumerary),9312
"National Institute of Technology, Jamshedpur","Computer Science and Engineering (4 Years, Bachelor of Technology)",OS,SC,Gender-Neutral,1627
"National Institute of Technology, Jamshedpur","Computer Science and Engineering (4 Years, Bachelor of Technology)",OS,SC,Female-only (including Supernumerary),2652
"National Institute of Technology, Jamshedpur","Electrical Engineering (4 Years, Bachelor of Technology)",OS,SC,Gender-Neutral,3151
"National Institute of Technology, Jamshedpur","Electrical Engineering (4 Years, Bachelor of Technology)",OS,SC,Female-only (including Supernumerary),5184
"National Institute of Technology, Jamshedpur","Electronics and Communication Engineering (4 Years, Bachelor of Technology)",OS,SC,Gender-Neutral,1888
"National Institute of Technology, Jamshedpur","Electronics and Communication Engineering (4 Years, Bachelor of Technology)",OS,SC,Female-only (including Supernumerary),4756
"National Institute of Technology, Jamshedpur","Engineering and Computational Mechanics (4 Years, Bachelor of Technology)",OS,SC,Gender-Neutral,4519
"National Institute of Technology, Jamshedpur","Engineering and Computational Mechanics (4 Years, Bachelor of Technology)",OS,SC,Female-only (including Supernumerary),7432
"National Institute of Technology, Jamshedpur","Mechanical Engineering (4 Years, Bachelor of Technology)",OS,SC,Gender-Neutral,4754
"National Institute of Technology, Jamshedpur","Mechanical Engineering (4 Years, Bachelor of Technology)",OS,SC,Female-only (including Supernumerary),8127
"National Institute of Technology, Jamshedpur","Metallurgical and Materials Engineering (4 Years, Bachelor of Technology)",OS,SC,Gender-Neutral,6879
"National Institute of Technology, Jamshedpur","Metallurgical and Materials Engineering (4 Years, Bachelor of Technology)",OS,SC,Female-only (including Supernumerary),9262
"National Institute of Technology, Jamshedpur","Production and Industrial Engineering (4 Years, Bachelor of Technology)",OS,SC,Gender-Neutral,7071
"National Institute of Technology, Jamshedpur","Production and Industrial Engineering (4 Years, Bachelor of Technology)",OS,SC,Female-only (including Supernumerary),10368
"National Institute of Technology, Kurukshetra","Architecture and Planning (5 Years, Bachelor of Architecture)",OS,SC,Gender-Neutral,337
"National Institute of Technology, Kurukshetra","Architecture and Planning (5 Years, Bachelor of Architecture)",OS,SC,Female-only (including Supernumerary),283
"National Institute of Technology, Kurukshetra","Artificial Intelligence and Data Science (4 Years, Bachelor of Technology)",OS,SC,Gender-Neutral,1742
"National Institute of Technology, Kurukshetra","Artificial Intelligence and Data Science (4 Years, Bachelor of Technology)",OS,SC,Female-only (including Supernumerary),3181
"National Institute of Technology, Kurukshetra","Artificial Intelligence and Machine Learning (4 Years, Bachelor of Technology)",OS,SC,Gender-Neutral,546
"National Institute of Technology, Kurukshetra","Artificial Intelligence and Machine Learning (4 Years, Bachelor of Technology)",OS,SC,Female-only (including Supernumerary),3214
"National Institute of Technology, Kurukshetra","Civil Engineering (4 Years, Bachelor of Technology)",OS,SC,Gender-Neutral,2560
"National Institute of Technology, Kurukshetra","Civil Engineering (4 Years, Bachelor of Technology)",OS,SC,Female-only (including Supernumerary),8354
"National Institute of Technology, Kurukshetra","Civil Engineering (5 Years, Bachelor and Master of Technology (Dual Degree))",OS,SC,Gender-Neutral,6042
"National Institute of Technology, Kurukshetra","Computer Science and Engineering (4 Years, Bachelor of Technology)",OS,SC,Gender-Neutral,1310
"National Institute of Technology, Kurukshetra","Computer Science and Engineering (4 Years, Bachelor of Technology)",OS,SC,Female-only (including Supernumerary),1482
"National Institute of Technology, Kurukshetra","Computer Science and Engineering (5 Years, Bachelor and Master of Technology (Dual Degree))",OS,SC,Gender-Neutral,1446
"National Institute of Technology, Kurukshetra","Electrical Engineering (4 Years, Bachelor of Technology)",OS,SC,Gender-Neutral,2917
"National Institute of Technology, Kurukshetra","Electrical Engineering (4 Years, Bachelor of Technology)",OS,SC,Female-only (including Supernumerary),4939
"National Institute of Technology, Kurukshetra","Electrical Engineering (5 Years, Bachelor and Master of Technology (Dual Degree))",OS,SC,Gender-Neutral,2990
"National Institute of Technology, Kurukshetra","Electronics and Communication Engineering (4 Years, Bachelor of Technology)",OS,SC,Gender-Neutral,2287
"National Institute of Technology, Kurukshetra","Electronics and Communication Engineering (4 Years, Bachelor of Technology)",OS,SC,Female-only (including Supernumerary),3910
"National Institute of Technology, Kurukshetra","Electronics and Communication Engineering (5 Years, Bachelor and Master of Technology (Dual Degree))",OS,SC,Gender-Neutral,3146
"National Institute of Technology, Kurukshetra","Industrial Internet of Things (4 Years, Bachelor of Technology)",OS,SC,Gender-Neutral,3873
"National Institute of Technology, Kurukshetra","Industrial Internet of Things (4 Years, Bachelor of Technology)",OS,SC,Female-only (including Supernumerary),6149
"National Institute of Technology, Kurukshetra","Information Technology (4 Years, Bachelor of Technology)",OS,SC,Gender-Neutral,1598
"National Institute of Technology, Kurukshetra","Information Technology (4 Years, Bachelor of Technology)",OS,SC,Female-only (including Supernumerary),3383
"National Institute of Technology, Kurukshetra","Mathematics and Computing (4 Years, Bachelor of Technology)",OS,SC,Gender-Neutral,1840
"National Institute of Technology, Kurukshetra","Mathematics and Computing (4 Years, Bachelor of Technology)",OS,SC,Female-only (including Supernumerary),4789
"National Institute of Technology, Kurukshetra","Mechanical Engineering (4 Years, Bachelor of Technology)",OS,SC,Gender-Neutral,3385
"National Institute of Technology, Kurukshetra","Mechanical Engineering (4 Years, Bachelor of Technology)",OS,SC,Female-only (including Supernumerary),7851
"National Institute of Technology, Kurukshetra","Mechanical Engineering (5 Years, Bachelor and Master of Technology (Dual Degree))",OS,SC,Gender-Neutral,5408
"National Institute of Technology, Kurukshetra","Microelectronics & VLSI Engineering (4 Years, Bachelor of Technology)",OS,SC,Gender-Neutral,3517
"National Institute of Technology, Kurukshetra","Microelectronics & VLSI Engineering (4 Years, Bachelor of Technology)",OS,SC,Female-only (including Supernumerary),5049
"National Institute of Technology, Kurukshetra","Production and Industrial Engineering (4 Years, Bachelor of Technology)",OS,SC,Gender-Neutral,5981
"National Institute of Technology, Kurukshetra","Production and Industrial Engineering (4 Years, Bachelor of Technology)",OS,SC,Female-only (including Supernumerary),9098
"National Institute of Technology, Kurukshetra","ROBOTICS & AUTOMATION (4 Years, Bachelor of Technology)",OS,SC,Gender-Neutral,947
"National Institute of Technology, Kurukshetra","ROBOTICS & AUTOMATION (4 Years, Bachelor of Technology)",OS,SC,Female-only (including Supernumerary),4775
"National Institute of Technology, Kurukshetra","SUSTAINABLE ENERGY TECHNOLOGIES (4 Years, Bachelor of Technology)",OS,SC,Gender-Neutral,4923
"National Institute of Technology, Kurukshetra","SUSTAINABLE ENERGY TECHNOLOGIES (4 Years, Bachelor of Technology)",OS,SC,Female-only (including Supernumerary),10137
"National Institute of Technology, Manipur","Civil Engineering (4 Years, Bachelor of Technology)",OS,SC,Gender-Neutral,8397
"National Institute of Technology, Manipur","Computer Science and Engineering (4 Years, Bachelor of Technology)",OS,SC,Gender-Neutral,4503
"National Institute of Technology, Manipur","Computer Science and Engineering (4 Years, Bachelor of Technology)",OS,SC,Female-only (including Supernumerary),6541
"National Institute of Technology, Manipur","Electrical Engineering (4 Years, Bachelor of Technology)",OS,SC,Gender-Neutral,7137
"National Institute of Technology, Manipur","Electronics and Communication Engineering (4 Years, Bachelor of Technology)",OS,SC,Gender-Neutral,6935
"National Institute of Technology, Manipur","Mechanical Engineering (4 Years, Bachelor of Technology)",OS,SC,Gender-Neutral,8152
"National Institute of Technology, Mizoram","Civil Engineering (4 Years, Bachelor of Technology)",OS,SC,Gender-Neutral,8462
"National Institute of Technology, Mizoram","Civil Engineering (4 Years, Bachelor of Technology)",OS,SC,Female-only (including Supernumerary),11990
"National Institute of Technology, Mizoram","Computer Science and Engineering (4 Years, Bachelor of Technology)",OS,SC,Gender-Neutral,5066
"National Institute of Technology, Mizoram","Computer Science and Engineering (4 Years, Bachelor of Technology)",OS,SC,Female-only (including Supernumerary),5473
"National Institute of Technology, Mizoram","Electrical Engineering (4 Years, Bachelor of Technology)",OS,SC,Gender-Neutral,7708
"National Institute of Technology, Mizoram","Electronics and Communication Engineering (4 Years, Bachelor of Technology)",OS,SC,Gender-Neutral,6523
"National Institute of Technology, Mizoram","Electronics and Communication Engineering (4 Years, Bachelor of Technology)",OS,SC,Female-only (including Supernumerary),6888
"National Institute of Technology, Mizoram","Mechanical Engineering (4 Years, Bachelor of Technology)",OS,SC,Gender-Neutral,7668
"National Institute of Technology, Rourkela","Architecture (5 Years, Bachelor of Architecture)",OS,SC,Gender-Neutral,91
"National Institute of Technology, Rourkela","Artificial Intelligence (4 Years, Bachelor of Technology)",OS,SC,Gender-Neutral,595
"National Institute of Technology, Rourkela","Artificial Intelligence (4 Years, Bachelor of Technology)",OS,SC,Female-only (including Supernumerary),1728
"National Institute of Technology, Rourkela","Bio Medical Engineering (4 Years, Bachelor of Technology)",OS,SC,Gender-Neutral,6552
"National Institute of Technology, Rourkela","Bio Medical Engineering (4 Years, Bachelor of Technology)",OS,SC,Female-only (including Supernumerary),8262
"National Institute of Technology, Rourkela","Bio Technology (4 Years, Bachelor of Technology)",OS,SC,Gender-Neutral,871
"National Institute of Technology, Rourkela","Bio Technology (4 Years, Bachelor of Technology)",OS,SC,Female-only (including Supernumerary),7844
"National Institute of Technology, Rourkela","Ceramic Engineering (4 Years, Bachelor of Technology)",OS,SC,Gender-Neutral,5610
"National Institute of Technology, Rourkela","Ceramic Engineering and M.Tech Industrial Ceramic (5 Years, Bachelor and Master of Technology (Dual Degree))",OS,SC,Gender-Neutral,6666
"National Institute of Technology, Rourkela","Chemical Engineering (4 Years, Bachelor of Technology)",OS,SC,Gender-Neutral,3829
"National Institute of Technology, Rourkela","Chemical Engineering (4 Years, Bachelor of Technology)",OS,SC,Female-only (including Supernumerary),6361
"National Institute of Technology, Rourkela","Chemical Engineering (5 Years, Bachelor and Master of Technology (Dual Degree))",OS,SC,Gender-Neutral,4787
"National Institute of Technology, Rourkela","Chemistry (5 Years, Integrated Master of Science)",OS,SC,Gender-Neutral,6903
"National Institute of Technology, Rourkela","Civil Engineering (4 Years, Bachelor of Technology)",OS,SC,Gender-Neutral,3675
"National Institute of Technology, Rourkela","Civil Engineering (4 Years, Bachelor of Technology)",OS,SC,Female-only (including Supernumerary),4781
"National Institute of Technology, Rourkela","Computer Science and Engineering (4 Years, Bachelor of Technology)",OS,SC,Gender-Neutral,346
"National Institute of Technology, Rourkela","Computer Science and Engineering (4 Years, Bachelor of Technology)",OS,SC,Female-only (including Supernumerary),722
"National Institute of Technology, Rourkela","Electrical Engineering (4 Years, Bachelor of Technology)",OS,SC,Gender-Neutral,1229
"National Institute of Technology, Rourkela","Electrical Engineering (4 Years, Bachelor of Technology)",OS,SC,Female-only (including Supernumerary),2615
"National Institute of Technology, Rourkela","Electronics and Communication Engineering (4 Years, Bachelor of Technology)",OS,SC,Gender-Neutral,239
"National Institute of Technology, Rourkela","Electronics and Communication Engineering (4 Years, Bachelor of Technology)",OS,SC,Female-only (including Supernumerary),1713
"National Institute of Technology, Rourkela","Electronics and Instrumentation Engineering (4 Years, Bachelor of Technology)",OS,SC,Gender-Neutral,631
"National Institute of Technology, Rourkela","Food Process Engineering (4 Years, Bachelor of Technology)",OS,SC,Gender-Neutral,6525
"National Institute of Technology, Rourkela","Food Process Engineering (4 Years, Bachelor of Technology)",OS,SC,Female-only (including Supernumerary),9774
"National Institute of Technology, Rourkela","Industrial Design (4 Years, Bachelor of Technology)",OS,SC,Gender-Neutral,5357
"National Institute of Technology, Rourkela","Life Science (5 Years, Integrated Master of Science)",OS,SC,Gender-Neutral,6210
"National Institute of Technology, Rourkela","Mathematics (5 Years, Integrated Master of Science)",OS,SC,Gender-Neutral,2135
"National Institute of Technology, Rourkela","Mechanical Engineering (4 Years, Bachelor of Technology)",OS,SC,Gender-Neutral,2450
"National Institute of Technology, Rourkela","Mechanical Engineering (4 Years, Bachelor of Technology)",OS,SC,Female-only (including Supernumerary),4951
"National Institute of Technology, Rourkela","Metallurgical and Materials Engineering (4 Years, Bachelor of Technology)",OS,SC,Gender-Neutral,6001
"National Institute of Technology, Rourkela","Metallurgical and Materials Engineering (4 Years, Bachelor of Technology)",OS,SC,Female-only (including Supernumerary),6683
"National Institute of Technology, Rourkela","Metallurgical and Materials Engineering (5 Years, Bachelor and Master of Technology (Dual Degree))",OS,SC,Gender-Neutral,6647
"National Institute of Technology, Rourkela","Mining Engineering (4 Years, Bachelor of Technology)",OS,SC,Gender-Neutral,5935
"National Institute of Technology, Rourkela","Mining Engineering (4 Years, Bachelor of Technology)",OS,SC,Female-only (including Supernumerary),7101
"National Institute of Technology, Rourkela","Mining Engineering (5 Years, Bachelor and Master of Technology (Dual Degree))",OS,SC,Gender-Neutral,5775
"National Institute of Technology, Rourkela","Physics (5 Years, Integrated Master of Science)",OS,SC,Gender-Neutral,1277
"National Institute of Technology, Silchar","Civil Engineering (4 Years, Bachelor of Technology)",OS,SC,Gender-Neutral,5999
"National Institute of Technology, Silchar","Civil Engineering (4 Years, Bachelor of Technology)",OS,SC,Female-only (including Supernumerary),9770
"National Institute of Technology, Silchar","Computer Science and Engineering (4 Years, Bachelor of Technology)",OS,SC,Gender-Neutral,1444
"National Institute of Technology, Silchar","Computer Science and Engineering (4 Years, Bachelor of Technology)",OS,SC,Female-only (including Supernumerary),3840
"National Institute of Technology, Silchar","Electrical Engineering (4 Years, Bachelor of Technology)",OS,SC,Gender-Neutral,3981
"National Institute of Technology, Silchar","Electrical Engineering (4 Years, Bachelor of Technology)",OS,SC,Female-only (including Supernumerary),6263
"National Institute of Technology, Silchar","Electronics and Communication Engineering (4 Years, Bachelor of Technology)",OS,SC,Gender-Neutral,3027
"National Institute of Technology, Silchar","Electronics and Communication Engineering (4 Years, Bachelor of Technology)",OS,SC,Female-only (including Supernumerary),3786
"National Institute of Technology, Silchar","Electronics and Instrumentation Engineering (4 Years, Bachelor of Technology)",OS,SC,Gender-Neutral,4415
"National Institute of Technology, Silchar","Electronics and Instrumentation Engineering (4 Years, Bachelor of Technology)",OS,SC,Female-only (including Supernumerary),6219
"National Institute of Technology, Silchar","Mechanical Engineering (4 Years, Bachelor of Technology)",OS,SC,Gender-Neutral,4881
"National Institute of Technology, Silchar","Mechanical Engineering (4 Years, Bachelor of Technology)",OS,SC,Female-only (including Supernumerary),9190
"National Institute of Technology, Srinagar","Chemical Engineering (4 Years, Bachelor of Technology)",OS,SC,Gender-Neutral,2995
"National Institute of Technology, Srinagar","Chemical Engineering (4 Years, Bachelor of Technology)",OS,SC,Female-only (including Supernumerary),10611
"National Institute of Technology, Srinagar","Civil Engineering (4 Years, Bachelor of Technology)",OS,SC,Gender-Neutral,7449
"National Institute of Technology, Srinagar","Civil Engineering (4 Years, Bachelor of Technology)",OS,SC,Female-only (including Supernumerary),12021
"National Institute of Technology, Srinagar","Computer Science and Engineering (4 Years, Bachelor of Technology)",OS,SC,Gender-Neutral,3164
"National Institute of Technology, Srinagar","Computer Science and Engineering (4 Years, Bachelor of Technology)",OS,SC,Female-only (including Supernumerary),5762
"National Institute of Technology, Srinagar","Electrical Engineering (4 Years, Bachelor of Technology)",OS,SC,Gender-Neutral,5181
"National Institute of Technology, Srinagar","Electrical Engineering (4 Years, Bachelor of Technology)",OS,SC,Female-only (including Supernumerary),8660
"National Institute of Technology, Srinagar","Electronics and Communication Engineering (4 Years, Bachelor of Technology)",OS,SC,Gender-Neutral,4936
"National Institute of Technology, Srinagar","Electronics and Communication Engineering (4 Years, Bachelor of Technology)",OS,SC,Female-only (including Supernumerary),8219
"National Institute of Technology, Srinagar","Information Technology (4 Years, Bachelor of Technology)",OS,SC,Gender-Neutral,4004
"National Institute of Technology, Srinagar","Information Technology (4 Years, Bachelor of Technology)",OS,SC,Female-only (including Supernumerary),6540
"National Institute of Technology, Srinagar","Mechanical Engineering (4 Years, Bachelor of Technology)",OS,SC,Gender-Neutral,6677
"National Institute of Technology, Srinagar","Mechanical Engineering (4 Years, Bachelor of Technology)",OS,SC,Female-only (including Supernumerary),10737
"National Institute of Technology, Srinagar","Metallurgical and Materials Engineering (4 Years, Bachelor of Technology)",OS,SC,Gender-Neutral,8842
"National Institute of Technology, Srinagar","Metallurgical and Materials Engineering (4 Years, Bachelor of Technology)",OS,SC,Female-only (including Supernumerary),12132
"National Institute of Technology, Tiruchirappalli","Architecture (5 Years, Bachelor of Architecture)",OS,SC,Gender-Neutral,16
"National Institute of Technology, Tiruchirappalli","Architecture (5 Years, Bachelor of Architecture)",OS,SC,Female-only (including Supernumerary),84
"National Institute of Technology, Tiruchirappalli","Chemical Engineering (4 Years, Bachelor of Technology)",OS,SC,Gender-Neutral,3015
"National Institute of Technology, Tiruchirappalli","Chemical Engineering (4 Years, Bachelor of Technology)",OS,SC,Female-only (including Supernumerary),3485
"National Institute of Technology, Tiruchirappalli","Civil Engineering (4 Years, Bachelor of Technology)",OS,SC,Gender-Neutral,810
"National Institute of Technology, Tiruchirappalli","Civil Engineering (4 Years, Bachelor of Technology)",OS,SC,Female-only (including Supernumerary),1393
"National Institute of Technology, Tiruchirappalli","Computer Science and Engineering (4 Years, Bachelor of Technology)",OS,SC,Gender-Neutral,100
"National Institute of Technology, Tiruchirappalli","Computer Science and Engineering (4 Years, Bachelor of Technology)",OS,SC,Female-only (including Supernumerary),160
"National Institute of Technology, Tiruchirappalli","Electrical and Electronics Engineering (4 Years, Bachelor of Technology)",OS,SC,Gender-Neutral,999
"National Institute of Technology, Tiruchirappalli","Electrical and Electronics Engineering (4 Years, Bachelor of Technology)",OS,SC,Female-only (including Supernumerary),2209
"National Institute of Technology, Tiruchirappalli","Electronics and Communication Engineering (4 Years, Bachelor of Technology)",OS,SC,Gender-Neutral,394
"National Institute of Technology, Tiruchirappalli","Electronics and Communication Engineering (4 Years, Bachelor of Technology)",OS,SC,Female-only (including Supernumerary),268
"National Institute of Technology, Tiruchirappalli","Instrumentation and Control Engineering (4 Years, Bachelor of Technology)",OS,SC,Gender-Neutral,2159
"National Institute of Technology, Tiruchirappalli","Instrumentation and Control Engineering (4 Years, Bachelor of Technology)",OS,SC,Female-only (including Supernumerary),4620
"National Institute of Technology, Tiruchirappalli","Mechanical Engineering (4 Years, Bachelor of Technology)",OS,SC,Gender-Neutral,1029
"National Institute of Technology, Tiruchirappalli","Mechanical Engineering (4 Years, Bachelor of Technology)",OS,SC,Female-only (including Supernumerary),2534
"National Institute of Technology, Tiruchirappalli","Metallurgical and Materials Engineering (4 Years, Bachelor of Technology)",OS,SC,Gender-Neutral,4003
"National Institute of Technology, Tiruchirappalli","Metallurgical and Materials Engineering (4 Years, Bachelor of Technology)",OS,SC,Female-only (including Supernumerary),4673
"National Institute of Technology, Tiruchirappalli","Production Engineering (4 Years, Bachelor of Technology)",OS,SC,Gender-Neutral,3904
"National Institute of Technology, Tiruchirappalli","Production Engineering (4 Years, Bachelor of Technology)",OS,SC,Female-only (including Supernumerary),6159
"National Institute of Technology, Uttarakhand","Civil Engineering (4 Years, Bachelor of Technology)",OS,SC,Gender-Neutral,7294
"National Institute of Technology, Uttarakhand","Civil Engineering (4 Years, Bachelor of Technology)",OS,SC,Female-only (including Supernumerary),8778
"National Institute of Technology, Uttarakhand","Computer Science and Engineering (4 Years, Bachelor of Technology)",OS,SC,Gender-Neutral,2971
"National Institute of Technology, Uttarakhand","Electrical and Electronics Engineering (4 Years, Bachelor of Technology)",OS,SC,Gender-Neutral,5439
"National Institute of Technology, Uttarakhand","Electrical and Electronics Engineering (4 Years, Bachelor of Technology)",OS,SC,Female-only (including Supernumerary),7399
"National Institute of Technology, Uttarakhand","Electronics and Communication Engineering (4 Years, Bachelor of Technology)",OS,SC,Gender-Neutral,4405
"National Institute of Technology, Uttarakhand","Mechanical Engineering (4 Years, Bachelor of Technology)",OS,SC,Gender-Neutral,5742
"National Institute of Technology, Uttarakhand","Mechanical Engineering (4 Years, Bachelor of Technology)",OS,SC,Female-only (including Supernumerary),9074
"National Institute of Technology, Warangal","Bio Technology (4 Years, Bachelor of Technology)",OS,SC,Gender-Neutral,5989
"National Institute of Technology, Warangal","Bio Technology (4 Years, Bachelor of Technology)",OS,SC,Female-only (including Supernumerary),7126
"National Institute of Technology, Warangal","Chemical Engineering (4 Years, Bachelor of Technology)",OS,SC,Gender-Neutral,1578
"National Institute of Technology, Warangal","Chemical Engineering (4 Years, Bachelor of Technology)",OS,SC,Female-only (including Supernumerary),3687
"National Institute of Technology, Warangal","Chemistry (5 Years, Integrated Master of Science)",OS,SC,Gender-Neutral,7127
"National Institute of Technology, Warangal","Chemistry (5 Years, Integrated Master of Science)",OS,SC,Female-only (including Supernumerary),10523
"National Institute of Technology, Warangal","Civil Engineering (4 Years, Bachelor of Technology)",OS,SC,Gender-Neutral,4245
"National Institute of Technology, Warangal","Civil Engineering (4 Years, Bachelor of Technology)",OS,SC,Female-only (including Supernumerary),4650
"National Institute of Technology, Warangal","Computer Science and Engineering ( Artificial Intelligence & Data Science) (4 Years, Bachelor of Technology)",OS,SC,Gender-Neutral,360
"National Institute of Technology, Warangal","Computer Science and Engineering ( Artificial Intelligence & Data Science) (4 Years, Bachelor of Technology)",OS,SC,Female-only (including Supernumerary),743
"National Institute of Technology, Warangal","Computer Science and Engineering (4 Years, Bachelor of Technology)",OS,SC,Gender-Neutral,255
"National Institute of Technology, Warangal","Computer Science and Engineering (4 Years, Bachelor of Technology)",OS,SC,Female-only (including Supernumerary),668
"National Institute of Technology, Warangal","Electrical and Electronics Engineering (4 Years, Bachelor of Technology)",OS,SC,Gender-Neutral,1361
"National Institute of Technology, Warangal","Electrical and Electronics Engineering (4 Years, Bachelor of Technology)",OS,SC,Female-only (including Supernumerary),2951
"National Institute of Technology, Warangal","Electronics and Communication Engineering (4 Years, Bachelor of Technology)",OS,SC,Gender-Neutral,745
"National Institute of Technology, Warangal","Electronics and Communication Engineering (4 Years, Bachelor of Technology)",OS,SC,Female-only (including Supernumerary),2218
"National Institute of Technology, Warangal","Electronics and Communication Engineering (VLSI Design and Technology) (4 Years, Bachelor of Technology)",OS,SC,Gender-Neutral,1133
"National Institute of Technology, Warangal","Mathematics (5 Years, Integrated Master of Science)",OS,SC,Gender-Neutral,6132
"National Institute of Technology, Warangal","Mathematics and Computing (4 Years, Bachelor of Technology)",OS,SC,Gender-Neutral,748
"National Institute of Technology, Warangal","Mathematics and Computing (4 Years, Bachelor of Technology)",OS,SC,Female-only (including Supernumerary),1427
"National Institute of Technology, Warangal","Mechanical Engineering (4 Years, Bachelor of Technology)",OS,SC,Gender-Neutral,2224
"National Institute of Technology, Warangal","Mechanical Engineering (4 Years, Bachelor of Technology)",OS,SC,Female-only (including Supernumerary),4065
"National Institute of Technology, Warangal","Metallurgical and Materials Engineering (4 Years, Bachelor of Technology)",OS,SC,Gender-Neutral,5334
"National Institute of Technology, Warangal","Metallurgical and Materials Engineering (4 Years, Bachelor of Technology)",OS,SC,Female-only (including Supernumerary),5569
"National Institute of Technology, Warangal","Physics (5 Years, Integrated Master of Science)",OS,SC,Gender-Neutral,4609
"Sardar Vallabhbhai National Institute of Technology, Surat","Artificial Intelligence (4 Years, Bachelor of Technology)",OS,SC,Gender-Neutral,2123
"Sardar Vallabhbhai National Institute of Technology, Surat","Artificial Intelligence (4 Years, Bachelor of Technology)",OS,SC,Female-only (including Supernumerary),2533
"Sardar Vallabhbhai National Institute of Technology, Surat","Artificial Intelligence (5 Years, Integrated B. Tech. and M. Tech.)",OS,SC,Gender-Neutral,2520
"Sardar Vallabhbhai National Institute of Technology, Surat","Artificial Intelligence (5 Years, Integrated B. Tech. and M. Tech.)",OS,SC,Female-only (including Supernumerary),5217
"Sardar Vallabhbhai National Institute of Technology, Surat","Chemical Engineering (4 Years, Bachelor of Technology)",OS,SC,Gender-Neutral,6058
"Sardar Vallabhbhai National Institute of Technology, Surat","Chemical Engineering (4 Years, Bachelor of Technology)",OS,SC,Female-only (including Supernumerary),7516
"Sardar Vallabhbhai National Institute of Technology, Surat","Chemistry (5 Years, Integrated Master of Science)",OS,SC,Gender-Neutral,8733
"Sardar Vallabhbhai National Institute of Technology, Surat","Civil Engineering (4 Years, Bachelor of Technology)",OS,SC,Gender-Neutral,5686
"Sardar Vallabhbhai National Institute of Technology, Surat","Civil Engineering (4 Years, Bachelor of Technology)",OS,SC,Female-only (including Supernumerary),9232
"Sardar Vallabhbhai National Institute of Technology, Surat","Computer Science and Engineering (4 Years, Bachelor of Technology)",OS,SC,Gender-Neutral,1670
"Sardar Vallabhbhai National Institute of Technology, Surat","Computer Science and Engineering (4 Years, Bachelor of Technology)",OS,SC,Female-only (including Supernumerary),1770
"Sardar Vallabhbhai National Institute of Technology, Surat","Electrical Engineering (4 Years, Bachelor of Technology)",OS,SC,Gender-Neutral,3126
"Sardar Vallabhbhai National Institute of Technology, Surat","Electrical Engineering (4 Years, Bachelor of Technology)",OS,SC,Female-only (including Supernumerary),6110
"Sardar Vallabhbhai National Institute of Technology, Surat","Electronics and Communication Engineering (4 Years, Bachelor of Technology)",OS,SC,Gender-Neutral,2906
"Sardar Vallabhbhai National Institute of Technology, Surat","Electronics and Communication Engineering (4 Years, Bachelor of Technology)",OS,SC,Female-only (including Supernumerary),4946
"Sardar Vallabhbhai National Institute of Technology, Surat","Electronics and VLSI Engineering (4 Years, Bachelor of Technology)",OS,SC,Gender-Neutral,2193
"Sardar Vallabhbhai National Institute of Technology, Surat","Electronics and VLSI Engineering (4 Years, Bachelor of Technology)",OS,SC,Female-only (including Supernumerary),5551
"Sardar Vallabhbhai National Institute of Technology, Surat","Engineering Physics (4 Years, Bachelor of Technology)",OS,SC,Gender-Neutral,5029
"Sardar Vallabhbhai National Institute of Technology, Surat","Engineering Physics (4 Years, Bachelor of Technology)",OS,SC,Female-only (including Supernumerary),8729
"Sardar Vallabhbhai National Institute of Technology, Surat","Industrial Chemistry (4 Years, Bachelor of Technology)",OS,SC,Gender-Neutral,6971
"Sardar Vallabhbhai National Institute of Technology, Surat","Industrial Chemistry (4 Years, Bachelor of Technology)",OS,SC,Female-only (including Supernumerary),11198
"Sardar Vallabhbhai National Institute of Technology, Surat","Mathematics (5 Years, Integrated Master of Science)",OS,SC,Gender-Neutral,8045
"Sardar Vallabhbhai National Institute of Technology, Surat","Mathematics and Computing (4 Years, Bachelor of Technology)",OS,SC,Gender-Neutral,2788
"Sardar Vallabhbhai National Institute of Technology, Surat","Mathematics and Computing (4 Years, Bachelor of Technology)",OS,SC,Female-only (including Supernumerary),4412
"Sardar Vallabhbhai National Institute of Technology, Surat","Mechanical Engineering (4 Years, Bachelor of Technology)",OS,SC,Gender-Neutral,4005
"Sardar Vallabhbhai National Institute of Technology, Surat","Mechanical Engineering (4 Years, Bachelor of Technology)",OS,SC,Female-only (including Supernumerary),8730
"Sardar Vallabhbhai National Institute of Technology, Surat","Physics (5 Years, Integrated Master of Science)",OS,SC,Gender-Neutral,8560
"Visvesvaraya National Institute of Technology, Nagpur","Architecture (5 Years, Bachelor of Architecture)",OS,SC,Gender-Neutral,225
"Visvesvaraya National Institute of Technology, Nagpur","Architecture (5 Years, Bachelor of Architecture)",OS,SC,Female-only (including Supernumerary),115
"Visvesvaraya National Institute of Technology, Nagpur","Chemical Engineering (4 Years, Bachelor of Technology)",OS,SC,Gender-Neutral,5069
"Visvesvaraya National Institute of Technology, Nagpur","Chemical Engineering (4 Years, Bachelor of Technology)",OS,SC,Female-only (including Supernumerary),6511
"Visvesvaraya National Institute of Technology, Nagpur","Civil Engineering (4 Years, Bachelor of Technology)",OS,SC,Gender-Neutral,5119
"Visvesvaraya National Institute of Technology, Nagpur","Civil Engineering (4 Years, Bachelor of Technology)",OS,SC,Female-only (including Supernumerary),6433
"Visvesvaraya National Institute of Technology, Nagpur","Computer Science and Engineering (4 Years, Bachelor of Technology)",OS,SC,Gender-Neutral,946
"Visvesvaraya National Institute of Technology, Nagpur","Computer Science and Engineering (4 Years, Bachelor of Technology)",OS,SC,Female-only (including Supernumerary),1773
"Visvesvaraya National Institute of Technology, Nagpur","Electrical and Electronics Engineering (4 Years, Bachelor of Technology)",OS,SC,Gender-Neutral,2695
"Visvesvaraya National Institute of Technology, Nagpur","Electrical and Electronics Engineering (4 Years, Bachelor of Technology)",OS,SC,Female-only (including Supernumerary),5424
"Visvesvaraya National Institute of Technology, Nagpur","Electronics and Communication Engineering (4 Years, Bachelor of Technology)",OS,SC,Gender-Neutral,1853
"Visvesvaraya National Institute of Technology, Nagpur","Electronics and Communication Engineering (4 Years, Bachelor of Technology)",OS,SC,Female-only (including Supernumerary),3078
"Visvesvaraya National Institute of Technology, Nagpur","Mechanical Engineering (4 Years, Bachelor of Technology)",OS,SC,Gender-Neutral,3613
"Visvesvaraya National Institute of Technology, Nagpur","Mechanical Engineering (4 Years, Bachelor of Technology)",OS,SC,Female-only (including Supernumerary),6820
"Visvesvaraya National Institute of Technology, Nagpur","Metallurgical and Materials Engineering (4 Years, Bachelor of Technology)",OS,SC,Gender-Neutral,6742
"Visvesvaraya National Institute of Technology, Nagpur","Metallurgical and Materials Engineering (4 Years, Bachelor of Technology)",OS,SC,Female-only (including Supernumerary),7803
"Visvesvaraya National Institute of Technology, Nagpur","Mining Engineering (4 Years, Bachelor of Technology)",OS,SC,Gender-Neutral,6444
"Visvesvaraya National Institute of Technology, Nagpur","Mining Engineering (4 Years, Bachelor of Technology)",OS,SC,Female-only (including Supernumerary),9555
"National Institute of Technology, Andhra Pradesh","Bio Technology (4 Years, Bachelor of Technology)",OS,SC,Gender-Neutral,8406
"National Institute of Technology, Andhra Pradesh","Chemical Engineering (4 Years, Bachelor of Technology)",OS,SC,Gender-Neutral,7337
"National Institute of Technology, Andhra Pradesh","Civil Engineering (4 Years, Bachelor of Technology)",OS,SC,Gender-Neutral,6839
"National Institute of Technology, Andhra Pradesh","Civil Engineering (4 Years, Bachelor of Technology)",OS,SC,Female-only (including Supernumerary),8016
"National Institute of Technology, Andhra Pradesh","Computer Science and Engineering (4 Years, Bachelor of Technology)",OS,SC,Gender-Neutral,2721
"National Institute of Technology, Andhra Pradesh","Computer Science and Engineering (4 Years, Bachelor of Technology)",OS,SC,Female-only (including Supernumerary),2642
"National Institute of Technology, Andhra Pradesh","Electrical and Electronics Engineering (4 Years, Bachelor of Technology)",OS,SC,Gender-Neutral,3672
"National Institute of Technology, Andhra Pradesh","Electrical and Electronics Engineering (4 Years, Bachelor of Technology)",OS,SC,Female-only (including Supernumerary),7463
"National Institute of Technology, Andhra Pradesh","Electronics and Communication Engineering (4 Years, Bachelor of Technology)",OS,SC,Gender-Neutral,2462
"National Institute of Technology, Andhra Pradesh","Electronics and Communication Engineering (4 Years, Bachelor of Technology)",OS,SC,Female-only (including Supernumerary),5100
"National Institute of Technology, Andhra Pradesh","Mechanical Engineering (4 Years, Bachelor of Technology)",OS,SC,Gender-Neutral,6064
"National Institute of Technology, Andhra Pradesh","Mechanical Engineering (4 Years, Bachelor of Technology)",OS,SC,Female-only (including Supernumerary),7827
"National Institute of Technology, Andhra Pradesh","Metallurgical and Materials Engineering (4 Years, Bachelor of Technology)",OS,SC,Gender-Neutral,8164
"National Institute of Technology, Andhra Pradesh","Metallurgical and Materials Engineering (4 Years, Bachelor of Technology)",OS,SC,Female-only (including Supernumerary),10128
"Indian Institute of Engineering Science and Technology, Shibpur","Aerospace Engineering (4 Years, Bachelor of Technology)",OS,SC,Gender-Neutral,1954
"Indian Institute of Engineering Science and Technology, Shibpur","Aerospace Engineering (4 Years, Bachelor of Technology)",OS,SC,Female-only (including Supernumerary),4137
"Indian Institute of Engineering Science and Technology, Shibpur","Architecture (5 Years, Bachelor of Architecture)",OS,SC,Gender-Neutral,259
"Indian Institute of Engineering Science and Technology, Shibpur","Civil Engineering (4 Years, Bachelor of Technology)",OS,SC,Gender-Neutral,7554
"Indian Institute of Engineering Science and Technology, Shibpur","Civil Engineering (4 Years, Bachelor of Technology)",OS,SC,Female-only (including Supernumerary),10356
"Indian Institute of Engineering Science and Technology, Shibpur","Computer Science and Engineering (4 Years, Bachelor of Technology)",OS,SC,Gender-Neutral,975
"Indian Institute of Engineering Science and Technology, Shibpur","Computer Science and Engineering (4 Years, Bachelor of Technology)",OS,SC,Female-only (including Supernumerary),3418
"Indian Institute of Engineering Science and Technology, Shibpur","Electrical Engineering (4 Years, Bachelor of Technology)",OS,SC,Gender-Neutral,5225
"Indian Institute of Engineering Science and Technology, Shibpur","Electrical Engineering (4 Years, Bachelor of Technology)",OS,SC,Female-only (including Supernumerary),8682
"Indian Institute of Engineering Science and Technology, Shibpur","Electronics and Telecommunication Engineering (4 Years, Bachelor of Technology)",OS,SC,Gender-Neutral,4795
"Indian Institute of Engineering Science and Technology, Shibpur","Electronics and Telecommunication Engineering (4 Years, Bachelor of Technology)",OS,SC,Female-only (including Supernumerary),6855
"Indian Institute of Engineering Science and Technology, Shibpur","Information Technology (4 Years, Bachelor of Technology)",OS,SC,Gender-Neutral,3162
"Indian Institute of Engineering Science and Technology, Shibpur","Information Technology (4 Years, Bachelor of Technology)",OS,SC,Female-only (including Supernumerary),4845
"Indian Institute of Engineering Science and Technology, Shibpur","Mechanical Engineering (4 Years, Bachelor of Technology)",OS,SC,Gender-Neutral,5283
"Indian Institute of Engineering Science and Technology, Shibpur","Mechanical Engineering (4 Years, Bachelor of Technology)",OS,SC,Female-only (including Supernumerary),8908
"Indian Institute of Engineering Science and Technology, Shibpur","Metallurgy and Materials Engineering (4 Years, Bachelor of Technology)",OS,SC,Gender-Neutral,7690
"Indian Institute of Engineering Science and Technology, Shibpur","Metallurgy and Materials Engineering (4 Years, Bachelor of Technology)",OS,SC,Female-only (including Supernumerary),10247
"Indian Institute of Engineering Science and Technology, Shibpur","Mining Engineering (4 Years, Bachelor of Technology)",OS,SC,Gender-Neutral,8705
